computer,885
science,754
department,658
information,453
university,344
research,329
home,217
graduate,216
faculty,194
<img,188
on,181
web,175
undergraduate,161
cs,160
computing,153
about,143
courses,140
student,140
course,135
engineering,132
server,129
program,128
students,126
pages,121
<a,118
technical,110
1996,102
-,100
staff,96
|,92
college,91
.,85
people,84
www,83
departmental,82
reports,81
border=0,81
resources,80
school,80
links,75
programs,73
group,66
available,65
welcome,63
academic,63
systems,62
software,62
general,61
local,60
facilities,55
services,55
groups,54
campus,54
search,54
please,53
projects,53
education,52
&nbsp;,51
sciences,50
alumni,50
=,50
ftp,48
list,48
mathematics,48
degree,48
&,48
events,46
lab,45
world,45
current,45
wide,42
technology,41
send,41
"science,",41
internet,41
comments,40
announcements,40
statistics,39
-->,39
related,39
servers,39
cse,39
computational,38
fax:,38
electrical,38
center,37
organizations,37
acm,36
"department,",36
laboratory,35
system,35
news,35
job,35
institute,34
programming,34
directory,34
help,34
report,33
contact,33
support,33
library,32
chapter,32
/,31
offered,31
schedule,31
descriptions,30
seminars,30
fall,30
department.,30
project,29
server.,29
find,29
including,29
teaching,29
site,28
what's,28
opportunities,28
positions,28
unix,28
science.,28
members,27
overview,27
association,27
interest,27
students.,26
info,26
activities,26
guide,26
align=middle,26
<!--,26
areas,25
phone:,25
"faculty,",25
publications,25
updated,25
anonymous,24
access,24
admissions,24
questions,24
class,24
building,24
height=45,24
"university,",23
ph.d.,22
seminar,22
use,22
page.,22
phone,22
catalog,21
departments,21
csc,21
dept.,21
mathematical,21
documentation,21
office,21
schedules,21
on-line,21
users,21
online,20
graphics,20
1996,20
mail,20
colloquia,20
located,20
study,20
degrees,20
cis,20
listing,20
maintained,20
email,20
usage,20
map,20
"""",20
personal,19
electronic,19
address,19
webmaster,19
(prof.,19
---,19
area,18
>,18
july,18
suggestions,18
number,18
"staff,",18
problems,18
modified:,18
applied,18
java,18
gopher,17
only),17
studies,17
curriculum,17
requirements,17
department's,17
tech,17
get,17
etc.,17
check,17
design,17
network,17
service,17
position,17
offers,17
csi,16
return,16
html,16
form,16
colloquium,16
november,16
arts,16
directions,16
national,16
homepage,16
bachelor,16
"students,",16
[<a,16
modified,16
1995,16
advanced,16
postgraduate,15
university.,15
<body,15
society,15
artificial,15
times,15
miscellaneous,15
industrial,15
calendar,15
to:,15
homepages,15
--,15
papers,15
archive,15
work,15
&amp;,15
align=left,15
distributed,15
conference,15
classes,14
special,14
",",14
fax,14
using,14
career,14
application,14
various,14
laboratories,14
information:,14
recent,14
"|""",14
like,14
notre,14
stony,14
index,13
<area,13
"shape=""rect""",13
take,13
two,13
useful,13
contents,13
documents,13
newsletter,13
labs,13
"engineering,",13
hspace=10,13
eecs,13
description,13
user,13
src,13
series,13
lab.,13
open,12
scientific,12
visitor,12
updated:,12
history,12
look,12
starting,12
following,12
programs.,12
text,12
parallel,12
tour,12
part,12
program.,12
division,12
align=center,12
],12
virtual,12
table,12
chair,12
information.,12
dept,12
width=100,12
...,12
weather,12
here.,12
csu,12
australian,12
applications,11
employment,11
language,11
intelligence,11
know,11
forms,11
sources,11
uk,11
handbook,11
copyright,11
logic,11
align,11
alt,11
email:,11
material,11
interests,11
database,11
collection,11
"courses,",11
visiting,11
[,11
harvard,11
personnel,10
brochure,10
e-mail,10
group.,10
annual,10
want,10
mailing,10
accessed,10
document,10
pages.,10
"program,",10
currently,10
est,10
phd,10
central,10
year,10
policy,10
committee,10
financial,10
"information,",10
m.s.,10
found,10
ics,10
frequently,10
algorithms,10
upcoming,10
newsgroups,10
var,10
informatics,9
nsf,9
business,9
administrative,9
public,9
contest,9
archives,9
policies,9
reference,9
semester,9
physics,9
keep,9
1997,9
"server,",9
october,9
e-mail:,9
exam,9
master,9
lecture,9
three,9
provide,9
height=30,9
include,9
includes,9
social,9
things,9
locally,9
conferences,9
"reports,",9
computers,9
1996-97,9
created,9
centre,9
image,9
"events,",9
asked,9
processing,9
theory,9
telephone,9
ongoing,9
"groups,",9
room,9
"""""",9
dartmouth,9
department:,9
graduates,9
wellesley,9
middle,9
princeton,9
grinnell,9
self=map>,8
"true""",8
width=121,8
height=32>,8
:,8
analysis,8
summary,8
centers,8
administration,8
(,8
math,8
points,8
"labs,",8
96,8
don't,8
disclaimer,8
machine,8
try,8
time,8
hypertext,8
comprehensive,8
cal,8
professor,8
"systems,",8
internal,8
"directory,",8
northeastern,8
admission,8
cpsc,8
[research],8
aid,8
"computing,",8
tutorial,8
"pages,",8
offerings,8
industry,8
professional,8
*,8
subject,8
pc,8
update:,8
<meta,8
"alumni,",8
topics:,8
suny,8
people:,8
languages,8
height=40,8
byu,8
[teaching],8
version,8
mit,8
clemson,8
csd,7
process,7
looking,7
performance,7
lectures,7
offices,7
yale,7
accesses,7
newsgroup,7
tutorials,7
training,7
usa.,7
url:,7
files,7
old,7
resource,7
"page,",7
"research,",7
vassar,7
specific,7
women,7
tue,7
service.,7
udel,7
ee/cis,7
environment,7
below.,7
"5,",7
top,7
border=0>,7
plan,7
available.,7
"college,",7
interesting,7
"publications,",7
theoretical,7
machinery,7
maps,7
honor,7
engineers,7
development,7
designed,7
careers,7
"science""",7
changes,7
hours,7
nov,7
university's,7
rights,7
author:,7
finding,7
"schedules,",7
height=20,7
ny,7
st.,7
placement,7
schedule.,7
bowdoin,7
research.,7
items,7
educational,7
digital,7
width=40,7
u,7
location,7
[staff/organization],7
[x.500],7
und,7
contact:,7
{,7
},7
cit,7
workshop,6
voice:,6
official,6
required,6
visualization,6
ieee,6
descriptions.,6
vision,6
interdisciplinary,6
outreach,6
equipment,6
standard,6
wesleyan,6
1995,6
facility,6
biology,6
researchers,6
think,6
organization,6
"seminars,",6
),6
guidelines,6
searching,6
are:,6
us.,6
go,6
doctoral,6
servers.,6
ca,6
philosophy,6
"building,",6
osu,6
introduction,6
netscape,6
width=60>,6
"positions,",6
track,6
need,6
25,6
providing,6
view,6
coop,6
44,6
notes,6
"archive,",6
future,6
regarding,6
interested,6
(fax),6
prospective,6
grad,6
scholarships,6
campus.,6
"programs,",6
"monday,",6
research:,6
request,6
operating,6
selected,6
width=72,6
border=1>,6
"comments,",6
"newsletter,",6
"info,",6
universities,6
hardware,6
mu,6
"alt=""",6
concentration,6
jobs,6
"departments,",6
ubc,6
come,6
there's,6
<!-----------------------------------------------------------------------,6
----------------------------------------------------------------------->,6
di,6
more.,6
uts,6
demos,6
!,6
""";",6
+,6
technology.,5
learning,5
academics,5
"bgcolor=""#ffffff""",5
"department""",5
ismap>,5
mail:,5
note,5
foundations,5
regional,5
creating,5
"14,",5
welcome!,5
methods,5
file,5
space,5
physical,5
site.,5
going,5
floor,5
undergraduates,5
bottom,5
external,5
responsible,5
setting,5
provided,5
front,5
topics,5
present,5
help.,5
date,5
cst,5
ms,5
journals,5
"wednesday,",5
established,5
february,5
http,5
sciences.,5
management,5
16,5
provides,5
"address,",5
engineering.,5
internship,5
"interests,",5
funding,5
senior,5
significant,5
curricula,5
getting,5
visit,5
name,5
system.,5
(local,5
"facilities,",5
web.,5
courses.,5
brandeis,5
programs:,5
pi,5
thesis,5
instructional,5
active,5
set,5
gnu,5
dictionary,5
instruction,5
advising,5
"california,",5
honors,5
cs-related,5
"awards,",5
cooperative,5
experience,5
resume,5
due,5
"study,",5
4,5
umbc,5
uc,5
human,5
uofm,5
seed,5
we've,5
"alt=""computer",5
"colloquia,",5
...),5
openings,5
feedback,5
&amp,5
theses,5
ibm,5
applet,5
note:,5
"requirements,",5
possible,5
"committees,",5
"software,",5
answers,5
basic,5
"width=""80""",5
"height=""30"">",5
hot,5
on:,5
buffalo,5
"web,",5
ce/cs,5
knowledge,5
telephone:,5
forum,5
concordia,5
(also,5
used,5
searchable,5
intelligent,5
follow,5
reserved.,5
faculty/staff,5
reading,5
data,5
laboratory.,5
journal,5
pm.,5
haverford,5
affiliates,5
honours,5
memorial,5
"30,",5
region,5
tufts,5
boulder,5
automation,4
independent,4
alabama,4
polytechnic,4
area.,4
communications,4
services:,4
p.o.,4
common,4
important,4
(in,4
statistical,4
"documents,",4
databases,4
water,4
'96,4
numerical,4
robotics,4
repository,4
""">",4
feel,4
browse,4
vacant,4
'95,4
listings,4
excellence,4
net,4
improvement,4
daimi,4
chart,4
advisory,4
(last,4
update,4
materials,4
earth,4
harvest,4
global,4
study.,4
index.,4
it's,4
fun,4
began,4
bulletin,4
alphabetical,4
according,4
we're,4
you're,4
affiliated,4
"notes,",4
make,4
30,4
individuals,4
internet.,4
accounts,4
live,4
enquiries,4
3,4
drive,4
usenet,4
interactive,4
markup,4
mo,4
-573,4
"tuesday,",4
date:,4
"curriculum,",4
assistant,4
97,4
poly,4
machines,4
awards,4
master's,4
magellan,4
1994,4
doesn't,4
enrolled,4
mscs,4
quality,4
"design,",4
project.,4
"addition,",4
"text=""#000000""",4
elective,4
tenure,4
procedures,4
mission,4
unit,4
alumni.,4
alums,4
years,4
campus-wide,4
distance,4
"material,",4
test,4
upsilon,4
epsilon,4
"announcements,",4
expanded,4
maintains,4
experimental,4
opportunities.,4
log,4
learn,4
leading,4
certificate,4
helpful,4
who's,4
align=right,4
recognized,4
advisors,4
visitors,4
select,4
offer,4
variety,4
announcement,4
admissions.,4
making,4
reality,4
community,4
canada.,4
"manitoba,",4
"2,",4
committees,4
interface,4
"campus,",4
maintain,4
finger,4
gateway,4
resources.,4
section,4
"algorithms,",4
original,4
(computer,4
symbolic,4
csee,4
lists,4
"lists,",4
uci,4
projects.,4
"questions,",4
-212,4
administrator,4
registration,4
"search,",4
"alt=""new",4
width=45,4
width=70,4
oberlin,4
thanks,4
"projects,",4
hall.,4
macintosh,4
c,4
ncsa,4
choose,4
credit,4
faculty.,4
books,4
waterloo,4
written,4
multimedia,4
csci,4
"mathematics,",4
background,4
registered,4
great,4
edinburgh,4
center.,4
you'd,4
display,4
(including,4
faq,4
events.,4
notice,4
keyword,4
postscript.,4
height=96,4
applying,4
ogi,4
"cs,",4
easy,4
"suggestions,",4
14,4
club,4
ucsd,4
science;,4
supported,4
colleges,4
addresses,4
publication,4
create,4
tools,4
complexity,4
international,4
<frame,4
usb,4
basser,4
second,4
oswego,4
61,4
msu,4
"25,",4
facilities.,4
reach,4
guided,4
"manhattan,",4
inc.,4
kuwait,4
subjects,4
socs,4
grants,4
align=middle>,4
millersville,4
http://cs.millersv.edu,4
||,4
sstp,4
iitk,4
"rochester,",4
jhu,4
sparc,4
x,4
albany,4
monash,4
profiles,3
happenings,3
latest,3
eth,3
23,3
"hall,",3
dc,3
goal,3
"alink=""#00ff00"">",3
german),3
"11,",3
beginning,3
ii,3
working,3
calendar.,3
full,3
(www),3
programmes,3
higher,3
contacts,3
organizational,3
"ideas,",3
icon,3
addressed,3
nc,3
based,3
by:,3
queries,3
taught,3
4:30,3
"series,",3
<!,3
"center,",3
got,3
interest.,3
ucl,3
ability,3
j.,3
door,3
aug,3
images,3
utility,3
accessible,3
"3,",3
oct,3
&copy;,3
rest,3
subscribe,3
big,3
takes,3
representation,3
e.,3
(new,3
fellowship,3
survey,3
"syllabi,",3
message,3
single,3
different,3
color,3
type,3
rated,3
running,3
emphasizes,3
contacting,3
construction,3
places,3
total,3
degree.,3
recruitment,3
"phone,",3
1994-1995,3
four,3
literacy,3
"offer,",3
diversity,3
formal,3
intelligence.,3
"1,",3
bgsu,3
offering,3
conducting,3
happening,3
require,3
technological,3
five,3
ismap,3
everyone's,3
construction.,3
22,3
part-time,3
"policies,",3
approximately,3
bag,3
add,3
life,3
paper,3
programme,3
outline,3
workshops,3
speakers,3
"resources,",3
"classes,",3
plans,3
ccs,3
[help],3
authoring,3
"science"">",3
animation,3
admissions:,3
"service,",3
individual,3
previous,3
poly.,3
involved,3
tel:,3
"administration,",3
2,3
electronics,3
networked,3
linux,3
organization.,3
prepare,3
1996),3
tau,3
beta,3
undergrad,3
kappa,3
award,3
bc,3
emphasis,3
approved,3
a&amp;m,3
(and,3
new?,3
graduation,3
dr.,3
3,3
"members,",3
wed,3
december,3
dates,3
msc,3
gre,3
scheduled,3
featuring,3
enrollment,3
infocity,3
browser,3
consortium,3
requirement,3
needs,3
instructions,3
(cs,3
largest,3
science/university,3
"edmonton,",3
"alberta,",3
&#169;,3
manitoba,3
machray,3
"src=""http://www.cs.ualberta.ca/ualberta/gif/tiny/ua.gif""",3
"alt=""[university",3
"alberta]"">",3
"src=""http://www.cs.ualberta.ca/gif/tiny/cs.gif""",3
"alt=""[department",3
"science]"">",3
"src=""http://www.cs.ualberta.ca/gif/tiny/magellan.gif""",3
"alt=""[mckinley",3
"rating]"">",3
"lake,",3
lake@cs.ualberta.ca,3
http://www.cs.ualberta.ca/,3
minutes,3
references,3
timetable,3
photos,3
architecture,3
revised,3
regular,3
bibliography,3
"guide,",3
presentations,3
information),3
pointers,3
distinguished,3
ranging,3
life.,3
"sciences,",3
action,3
"alt=""welcome",3
graph,3
yahoo!,3
vista,3
border=1,3
foundation,3
"avenue,",3
"york,",3
"alt=""general",3
partners,3
"grades,",3
"undergraduate,",3
city.,3
width=79,3
modeling,3
"here,",3
workstations,3
automated,3
gsu,3
partnership,3
near,3
future.,3
reached,3
wpi,3
math/cs,3
"link=""#0000ff""",3
"minor,",3
leave,3
user's,3
run,3
interests.,3
built,3
"major,",3
reports.,3
software.,3
download,3
hits,3
systems.,3
"true"">",3
width=150,3
height=25>,3
"massachusetts,",3
introductory,3
newsletters,3
"descriptions,",3
planning,3
-415,3
"page]"">",3
"area,",3
"13,",3
sent,3
natural,3
"page]""",3
people.,3
silicon,3
welcome.,3
-408,3
reasoning,3
"site,",3
map.,3
appointments,3
-413,3
minors,3
cognitive,3
13-Nov-96,3
"people,",3
"21,",3
concurrency,3
computing),3
(some,3
-314,3
b.s.,3
courses:,3
biomedical,3
skills,3
uw,3
stats,3
weekly,3
mn,3
libraries,3
world.,3
200,3
biographies,3
www.,3
postscript,3
groups:,3
publications.,3
supercomputing,3
"name=""description""",3
"name=""keywords""",3
corrections,3
meetings,3
professionals,3
programmer,3
operations,3
requirements.,3
computation,3
"vision,",3
26,3
ten,3
account,3
pcs,3
normal,3
1:00,3
"24,",3
(semester,3
"activities,",3
"calendar,",3
"handbook,",3
"system,",3
infoweb,3
"city,",3
align=bottom>,3
(voice),3
claremont,3
"thursday,",3
postal,3
versions,3
apply,3
bryn,3
processes,3
developer's,3
hosted,3
mirror,3
liberal,3
iu,3
browsers,3
vrml,3
form.,3
idea,3
contains,3
majors.,3
libre,3
de,3
bruxelles,3
"sydney,",3
"12,",3
forthcoming,3
ndsu,3
scholars,3
ue,3
activities.,3
gateways,3
phonebook,3
forecast,3
courtesy,3
umaine,3
concerning,3
services.,3
ksu,3
(...,3
peterson's,3
noresize>,3
"20,",3
"available,",3
messages,3
20,3
"technology,",3
queensland,3
work.,3
cps,3
given,3
dalhousie,3
chairman,3
cardiff,3
internships,3
bonn,3
width=30,3
v,3
"wales,",3
received,3
candidates,3
"workstations,",3
belonging,3
18,3
(from,3
country.,3
1996/97,3
manuals,3
tripos,3
(seed,3
seed--;,3
"cmd=""scrollit_r2l(""",3
""")"";",3
"timertwo=window.settimeout(cmd,100);",3
urcs,3
7,3
(with,3
(umcp,3
"alt=""[gu",3
lehigh,3
hkust,2
url,2
restricted,2
"href=""http://www.cs.cornell.edu/info/annual95/""",2
"480,",2
"120,",2
uab,2
sunsite,2
examinations,2
authority,2
rapidly,2
technologies.,2
ncsu/csc:,2
"background=""http://www.csc.ncsu.edu/graphics/goober-back.gif""",2
"text=""#0000bb""",2
"link=""#cc0022""",2
"vlink=""#770077""",2
"src=""http://www.csc.ncsu.edu/graphics/rb-header.gif""",2
"alt=""ncsu",2
width=502,2
height=122,2
"href=""http://www.csc.ncsu.edu/index.html""",2
"onmouseover=""window.status='return",2
homepage';,2
"src=""http://www.csc.ncsu.edu/graphics/rb-home.gif""",2
"alt=""home""",2
"href=""http://www.csc.ncsu.edu/search/index.html""",2
"onmouseover=""window.status='search",2
website';,2
"src=""http://www.csc.ncsu.edu/graphics/rb-search.gif""",2
"alt=""search""",2
"href=""http://www.csc.ncsu.edu/directory/index.html""",2
"onmouseover=""window.status='phone/e-mail",2
filtering,2
"haven,",2
ct,2
06520-8285,2
directory';,2
"src=""http://www.csc.ncsu.edu/graphics/rb-people.gif""",2
"alt=""directory""",2
"href=""http://www.csc.ncsu.edu/mailing-lists/email.html""",2
"onmouseover=""window.status='send",2
us';,2
"src=""http://www.csc.ncsu.edu/graphics/rb-email.gif""",2
"alt=""e-mail""",2
union,2
(only,2
primer,2
continuing,2
witwatersrand,2
syllabi,2
linda(tm),2
852,2
2358,2
<applet,2
"codebase=""/javacode/bill""",2
"code=""dynamicbillboard.class""",2
width=420,2
height=70>,2
<param,2
"name=""transitions""",2
"value=""6,columntransition,fadetransition,rotatetransition,smashtransition,teartransition,unrolltransition"">",2
web?,2
bioinformatics,2
archive.,2
functional,2
801,2
astronomy,2
simulation,2
connected:,2
scrapbook,2
certification,2
directories,2
about...?,2
reporting,2
(eos),2
statistics...,2
8206,2
activity,2
meeting,2
chemistry,2
"raleigh,",2
27695,2
signed,2
report.,2
"doctorate,",2
undergraduate.,2
server),2
interface.,2
change,2
sponsored,2
appear,2
29-Oct-96,2
brabec),2
assortment,2
science:,2
excellent,2
hockey,2
team.,2
(csi,2
"chemistry,",2
cra,2
admissions/application,2
cs),2
computing.,2
started,2
fun.,2
really,2
presented,2
directed,2
engineering's,2
bulletin),2
order.,2
division.,2
machines.,2
"directions,",2
keeping,2
coordinator,2
locator,2
"timetables,",2
successful,2
assistance,2
locating,2
"it,",2
perlis,2
associates.,2
1,2
event,2
draft,2
understand,2
"you,",2
installed,2
sections,2
avenue,2
-313,2
"computers,",2
responsibility.,2
v.c.,2
1125,2
colonel,2
"ottawa,",2
k1s,2
5b6,2
gnn,2
faqs,2
today,2
beginner's,2
(or,2
validation,2
"html,",2
12:30:09,2
size,2
limit),2
microsoft,2
head:,2
umr,2
325,2
math-computer,2
1870,2
circle,2
rolla,2
65409-0350,2
"stillwater,",2
-405,2
341-4491,2
341-4501,2
compsci@cs.umr.edu,2
26-Nov-96,2
item,2
9-27-96),2
assistantship,2
gra,2
deadlines,2
"forms,",2
professors,2
semester.,2
return.,2
pattern,2
hspace,2
10,2
"time,",2
networks,2
"(acm,",2
"ieee,",2
upe),2
reviewed,2
umr's,2
"suggestions/problems,",2
sysadm@cs.umr.edu,2
"matching,",2
"learning,",2
"medicine,",2
20-Nov-96,2
15:45:55,2
reset,2
"work,",2
stuff:,2
netscape's,2
ee,2
"gopher,",2
(acm),2
degrees.,2
(room,2
cise,2
"fall,",2
undergraduates:,2
masters:,2
12,2
telecommunications,2
problems.,2
bscs,2
manchester.,2
impressive,2
graduated,2
29,2
"moscow,",2
83844-1010,2
-208,2
885-6589,2
(ftp,2
site),2
calgary,2
brief,2
tulsa,2
companies,2
bscpe,2
"are,",2
"homepages,",2
link&ouml;ping,2
reflected,2
particular,2
"architecture,",2
aided,2
medical,2
awarded,2
expertise,2
science's,2
start,2
falls.,2
bs,2
university),2
years.,2
united,2
"1969,",2
invited!,2
well.,2
synthesis,2
"openings,",2
organized,2
level.,2
trying,2
rensselaer,2
curricula.,2
prerequisites,2
descriptions:,2
statement,2
"laboratories,",2
seminars],2
information],2
students],2
href,2
ida.,2
college.,2
$,2
"1996,",2
[technical,2
reports],2
put,2
50,2
"conferences,",2
speakers.,2
relations,2
[other,2
copies,2
discussion,2
tourist,2
statistics.,2
listed,2
regulations,2
[people],2
webmasters,2
actively,2
120,2
michtom,2
indices.,2
distant,2
try.,2
co-operative,2
editorial,2
outlines,2
cosi,2
eff,2
today's,2
summaries,2
imperial,2
london.,2
requires,2
"level,",2
volen,2
complex,2
pictured,2
csl,2
clubs,2
full-time,2
exciting,2
cutting-edge,2
171,2
"degs,",2
jointly,2
consisting,2
six,2
stud.,2
notes:,2
"4,",2
multi-user,2
simulation.,2
fact,2
step,2
"that,",2
addition,2
trouble,2
seeing,2
public_html,2
capable,2
impact,2
"individuals,",2
use.,2
enter,2
"education,",2
"suppt,",2
"libraries,",2
directory.,2
johnd@cs.uidaho.edu,2
1997),2
school.,2
"theory,",2
comp,2
sci,2
pure,2
"papers,",2
"networking,",2
meet,2
goals.,2
lead,2
berkeley,2
"alt=""help"">",2
phi,2
correspondence,2
"alt=""the",2
kind,2
advisor,2
-604,2
291,2
sfu,2
soda,2
applications.,2
major.,2
admin,2
proud,2
growing,2
students',2
offered.,2
studies:,2
m.,2
adobe,2
acrobat,2
additions,2
co-op,2
pst,2
viewing,2
buildings,2
combined,2
better.,2
"statistics,",2
warning:,2
"also,",2
known,2
hiring,2
"co-ops,",2
employee,2
resumes,2
"dorms,",2
transfer,2
constructive,2
"informatics,",2
"london,",2
formed,2
qualified,2
school?,2
departments:,2
"reserved,",2
"etc.,",2
1,2
-204,2
publishing,2
"src=""http://info.cs.vt.edu/new.gif"">",2
novice,2
ncstrl,2
participates,2
library.,2
301,2
-409,2
containing,2
1st,2
created:,2
"31,",2
"23,",2
compsci,2
"b.s.,",2
"map,",2
"processing,",2
bibliographies,2
contained,2
computation.,2
examination,2
speaker,2
roget's,2
thesaurus,2
taking,2
watch,2
"irvine,",2
evaluation,2
"canada,",2
winnipeg,2
"analysis,",2
width=233,2
height=98,2
"alt=""columbia",2
-714,2
article,2
height=110,2
"alt=""[help]""",2
all.,2
"alt=""[search]""",2
(at,2
spotlight,2
relating,2
"src=""http://www.cs.columbia.edu/home/images/main-image.gif"">",2
1214,2
amsterdam,2
10027-7003,2
"939-7000,",2
666-0140,2
info...,2
(ipp),2
"src=""http://www.cs.columbia.edu/home/images/main-link-general.gif"">",2
"contacts,",2
university-wide,2
"links,",2
"(crf),",2
"newsgroups,",2
threads,2
(restricted,2
"alt=""academics...",2
"src=""http://www.cs.columbia.edu/home/images/main-link-academic.gif"">",2
"alt=""research...",2
"src=""http://www.cs.columbia.edu/home/images/main-link-research.gif"">",2
"alt=""people...",2
"src=""http://www.cs.columbia.edu/home/images/main-link-people.gif"">",2
"undergraduates,",2
"affiliates,",2
id,2
"alt=""admissions...",2
"src=""http://www.cs.columbia.edu/home/images/main-link-admissions.gif"">",2
"m.s.,",2
"professional,",2
city...,2
"src=""http://www.cs.columbia.edu/home/images/main-link-nyc.gif"">",2
bronx,2
battery's,2
down:,2
sorts,2
"live,",2
"eat,",2
"shop,",2
"alt=""cu",2
"src=""http://www.cs.columbia.edu/home/images/main-menu-cc.gif"">",2
"alt=""help",2
"src=""http://www.cs.columbia.edu/home/images/main-menu-help.gif"">",2
"src=""http://www.cs.columbia.edu/home/images/main-menu-new.gif"">",2
"alt=""hot",2
"src=""http://www.cs.columbia.edu/home/images/main-menu-hot.gif"">",2
width=81,2
"alt=""search",2
"src=""http://www.cs.columbia.edu/home/images/main-menu-search.gif"">",2
"alt=""seas""",2
"src=""http://www.cs.columbia.edu/home/images/main-menu-seas.gif"">",2
width=350,2
height=50,2
"alt=""comments",2
"suggestions""",2
"src=""http://www.cs.columbia.edu/home/images/main-menu-comments.gif"">",2
"however,",2
embry-riddle,2
aeronautical,2
mse,2
logo,2
real-time,2
psp,2
c.s.,2
-305,2
adminstrative,2
moving,2
third,2
stream,2
rules,2
-202,2
chair:,2
minor:,2
worcester,2
275,2
structures,2
webmaster@cs.oberlin.edu,2
"news,",2
<td,2
207,2
half,2
adder.,2
chat,2
8-bit,2
geometry,2
"keele,",2
sign,2
book.,2
feb,2
13,2
students:,2
"images,",2
"help,",2
exist,2
"intelligence,",2
"robotics,",2
-1782,2
pictures,2
"linguistics,",2
"construction,",2
"schedule,",2
"numbers,",2
bu,2
nearby,2
"boston,",2
guides,2
"evaluations,",2
lunch,2
schools,2
academy,2
eta,2
non-eecs,2
associates,2
sigs,2
whois/finger,2
handled,2
"worcester,",2
"alt=""[return",2
opening:,2
manager,2
bu/cs,2
1994.03.12,2
implementation,2
maintainer:,2
azer,2
bestavros,2
best@cs.bu.edu,2
recruiting,2
referenced,2
cs@buffalo,2
deepak,2
netscape.,2
"color,",2
univ.,2
'91,2
schedules.,2
divisions,2
them.,2
131,2
w.,2
ce,2
"universities,",2
"archived,",2
wireless,2
interaction,2
group),2
gives,2
"teaching,",2
organisation,2
"www,",2
cgi,2
press,2
compilers),2
columbia.,2
(see,2
integrated,2
"drive,",2
-306,2
"list,",2
version),2
"columbia,",2
darmstadt,2
resources:,2
survival,2
missouri-columbia,2
yahoo,2
notice:,2
cecs,2
merging,2
posting,2
institutions,2
graphic,2
3d,2
s,2
inquiriesmrs.,2
chairprof.,2
wednesday,2
later,2
details.,2
-215,2
pictures.,2
netnews,2
c++,2
"profile,",2
announcements.,2
accounts.,2
assistance.,2
homepages.,2
hear,2
computer.,2
biology.,2
"parallel,",2
gupta@cs.pitt.edu.,2
neat,2
caltech,2
uwo,2
code,2
width=94,2
-519,2
width=98,2
explore,2
links:,2
-of-,2
"university"">",2
-503,2
level,2
quarter,2
associated,2
-906,2
join,2
providers,2
stuff.,2
"association,",2
injuries.,2
olaf,2
symposium,2
linguistics,2
(for,2
plus,2
labs.,2
potential,2
1996-1997,2
online.,2
programming.,2
iowadepartment,2
webmaster:,2
direct,2
8:30,2
a.m.,2
noon,2
consists,2
feb.,2
"align=""top""",2
p.m,2
"cst/cdt,",2
"friday,",2
session.,2
bruell.,2
kopetz),2
vlsi,2
schildt),2
"park,",2
-814,2
features,2
height=41,2
class-lab,2
diego.,2
"researchers,",2
gottlob),2
systeme,2
leitsch),2
facilities/utilities,2
"reservations,",2
"uptime,",2
ap&m.,2
barth),2
more...,2
"campuses,",2
"diego,",2
authorship,2
servicespositions,2
cs_info@cs.uiowa.edu,2
mlh,2
fleissner),2
"additionally,",2
guests,2
ia,2
52242-1419,2
319-335-0713,2
319-335-3624,2
"documentation,",2
10:13:23,2
"18,",2
specification,2
8:11:04,2
-909,2
(german),2
webmaster@cs.uiowa.edu.,2
10:36:52,2
beautiful,2
narrative,2
specifically,2
abstracts,2
write,2
list.,2
writing,2
done,2
putting,2
preparation,2
"content=""computer",2
csoffice@cs.nmsu.edu,2
server:,2
webmastr@cs.nmsu.edu,2
opportunity,2
refer,2
"workshops,",2
"9,",2
(scientific,2
"school,",2
src=http://www.cse.nd.edu/ndgrafix/ndcse.gif,2
"alt=""[",2
u_n_i_v_e_r_s_i_t_y___o_f___n_o_t_r_e___d_a_m_e,2
"]"">",2
selection,2
"alt="""">",2
study:,2
solving,2
mpi,2
famous,2
domecam,2
server's,2
"deparment,",2
haverford's,2
principles,2
el,2
paso,2
gallery,2
"dame,",2
46656,2
219-631-8320,2
219-631-9260,2
cse@cse.nd.edu,2
administrators:,2
"administrators,",2
visual,2
format,2
www@www.cse.nd.edu,2
"freeland,",2
curt@cse.nd.edu,2
"""http://www.cse.nd.edu/ndgrafix/ndhome.gif""",2
"alt=""[back",2
"quarter,",2
adding,2
assistants,2
instructors,2
vacancies,2
"look,",2
2,2
let,2
probably,2
largely,2
"catalog,",2
bozak,2
(c),2
application:,2
experiment,2
york.,2
targeted,2
universit&eacute;,2
server?,2
sbcs,2
9351,2
(sorted,2
name),2
factory.,2
(research,2
salt,2
16th,2
evening,2
degrees:,2
transaction,2
synchem,2
xsb,2
semester's,2
"structure,",2
completing,2
series.,2
hacked,2
(national,2
svc),2
spir,2
(strategic,2
resurgence),2
at&t's,2
800,2
yahoo's,2
moved,2
mechanical,2
(a.s.m.e.),2
"pi,",2
omicron,2
"webadm@cs.sunysb.edu,",2
multi-part,2
graduate@cs.sunysb.edu,2
"brook,",2
11794-4400,2
"516-632-8470,",2
-8471,2
(tel),2
516-632-8334,2
"faith,",2
"mary""",2
count,2
3/2/96:,2
"src=""http://www.cs.wm.edu/cspages/images/3.5-inches.gif""",2
width=238,2
height=1,2
"year,",2
"field,",2
legal,2
responsibility,2
accuracy,2
institution,2
government,2
"of,",2
ocsnet,2
1203,2
"alt=""""",2
align=left>,2
elected,2
president,2
"chair,",2
problem,2
"ks,",2
"scrolling=""no""",2
revised:,2
starlogo,2
collaborative,2
mesda,2
member,2
boon,2
reaching,2
recreation,2
media,2
navigate,2
urbana-champaign,2
conditions,2
[disclaimer],2
[departmental,2
"newfoundland,",2
-709,2
upward,2
bound,2
meta-index,2
staff],2
members.,2
comment,2
coursework,2
projects],2
[research,2
"cambridge,",2
"bachelor's,",2
"master's,",2
added,2
it.,2
townsville,2
1996:00:00,2
engines,2
"weather,",2
navigating,2
recently,2
changed,2
equipped,2
a&m,2
purdue,2
followed,2
square,2
brackets,2
state-of-the-art,2
align=bottom,2
archives:,2
inside,2
details,2
visitors:,2
-617,2
[fax],2
http://www-eecs.mit.edu/,2
"6,",2
sep,2
published,2
updates,2
intranet,2
"by,",2
alumni:,2
"requests,",2
thank,2
v:,2
deutsche,2
dedicated,2
"classroom,",2
"laboratory,",2
scientists,2
algorithm,2
categories:,2
post-graduate,2
twenty,2
compiler,2
timetables,2
-517,2
profile,2
consultancy,2
bookings,2
numerous,2
(click,2
www-server,2
sorted,2
"organizations,",2
dec,2
"classrooms,",2
"offices,",2
-612,2
classroom,2
uppsala,2
adb,2
avdelningen,2
för,2
off-campus,2
geometric,2
46,2
webserver,2
exeter,2
environmental,2
valuable,2
"background=""/gif.dir/rust.jpg""",2
text=blue,2
link=blue,2
alink=red,2
vlink=purple>,2
professions,2
"href=""http://cs.millersv.edu/csgraph.html"">",2
bar,2
"href=""http://cs.millersv.edu/nsfgrants.html"">",2
"talks,",2
"references,",2
"href=""http://cs.millersv.edu/job.html"">",2
"href=""http://cs.millersv.edu/java.html"">",2
"href=""http://zansiii.millersv.edu/html.stuff/cs406.dir/inforequestform.html"">",2
electro-optics,2
favorite,2
iii,2
"href=""http://zansiii.millersv.edu/html.stuff/wtkstuff/roddy.html"">",2
bldg,2
"href=""http://zansiii.millersv.edu/cs373.html"">",2
"href=""http://cs.millersv.edu/corecourses.html"">",2
"href=""http://cpsc.sru.edu/~pacise",2
pacise,2
"href=""http://zansiii.millersv.edu/sunlab.html"">",2
"href=""http://cs.millersv.edu/vrml.dir/roddy1.html"">",2
"href=""http://cs.millersv.edu/edw647.html"">",2
educators,2
"href=""http://cs.millersv.edu/voting.dir/index.cgi"">",2
voting,2
"href=""http://cs.millersv.edu/tutorials.html"">",2
"href=""http://www.ets.org/"">",2
ets,2
"href=""http://cs.millersv.edu/csmajor2.html"">",2
r,2
"href=""http://cs.millersv.edu/pageadd.html"">",2
"knox,",2
unix/network,2
"millersville,",2
17551,2
-717,2
872-3858,2
site:,2
accessed:,2
times.,2
colgate,2
javascript,2
cl.cam.ac.uk,2
graphical,2
md,2
-410,2
iit,2
kanpur,2
misc.,2
iitk-cse-net,2
-515,2
syllabus,2
diploma,2
"grinnell,",2
-716,2
0),2
;,2
<,2
window.status=out;,2
subway,2
jhuniverse,2
mosaic,2
wsu,2
wichita,2
initiatives,2
exploration,2
affairs,2
rit,2
"sciences"">",2
"alt=""applied",2
ucsb,2
rose-hulman,2
[&nbsp;curriculum&nbsp;],2
[&nbsp;archives&nbsp;],2
[&nbsp;resources&nbsp;],2
[&nbsp;home&nbsp;pages&nbsp;],2
[&nbsp;rose-hulman&nbsp;],2
[&nbsp;help&nbsp;],2
shareware.com,2
frames),2
umcp,2
consistently,2
ranked,2
"fellowship,",2
cmsc,2
(maryland,2
windows,2
"boulder,",2
upgrade,2
saturday,2
"programs"">",2
graduating,2
chapel,2
donation,2
-520,2
-919,2
"""the",2
1994],2
letter,2
australia.,2
university:,2
(gu,2
progress,2
guidebook,2
3875,2
-206,2
cs-hkust,1
(accessible,1
hkust),1
(csd,1
going-ons,1
multicast-ip,1
z&uuml;rich,1
occasion,1
awardening,1
workflow,1
"""developing",1
"internet""",1
(a,1
course),1
demo,1
corner,1
postings,1
(csi),1
granting,1
institute's,1
composed,1
"csi,",1
"coords=""34,",1
"53""",1
"href=""http://www.cornell.edu/ithaca.html""",1
"coords=""58,",1
"122,",1
"133""",1
"href=""http://www.cornell.edu/""",1
"coords=""31,",1
115a,1
1300,1
"birmingham,",1
baptist,1
lingnan,1
35294-1170,1
-3351,1
-6611,1
institutes,1
develop,1
approaches,1
advantage,1
evolving,1
"161,",1
"118,",1
"196""",1
"href=""/info/general.html""",1
"coords=""399,",1
"97,",1
"490,",1
"115""",1
"href=""http://www.cs.cornell.edu/info/faculty/faculty-list.html""",1
"coords=""414,",1
"474,",1
"137""",1
"href=""http://www.cs.cornell.edu/info/projects.html""",1
"coords=""409,",1
"142,",1
"161""",1
honorary,1
doctorate,1
pleased,1
announce,1
z&uuml;rich.,1
(grail),1
(sifter),1
affiliations,1
ibaraki,1
assistantships,1
phone/fax/e-mail/format:,1
courier/delivery,1
-1880,1
-1227,1
root@cs.yale.edu,1
51,1
prospect,1
208285,1
last-first@cs.yale.edu,1
(graduate),1
"german,",1
language!,1
logged.,1
diese,1
seite,1
ist,1
auch,1
auf,1
verf&uuml;gbar!,1
agenda:,1
"dates,",1
"deadlines,",1
events!,1
"(libraries,",1
"phonebook,",1
ftp-sites),1
"vis,",1
inf.students,1
801:00:00,1
803:00:00,1
810:00:00,1
department.),1
southwestern,1
z&uuml;rich:,1
webmaster@inf.ethz.ch.,1
basics,1
"i.e.,",1
communication,1
"href=""http://www.cs.cornell.edu/info/courses/current/courses.html""",1
"coords=""410,",1
"164,",1
"477,",1
"179""",1
"coords=""392,",1
"184,",1
"496,",1
"202""",1
(ai),1
"href=""http://csi.gmu.edu/csi/courses.html"">",1
clear,1
"bay,",1
kowloon,1
7000,1
1477,1
651,1
717,1
771,1
visited,1
yale.,1
"""tech-reports@cs.yale.edu""",1
unofficial.,1
multigrid,1
x3j13,1
(ansi,1
lisp),1
calendars,1
"href=""http://astro.gmu.edu/classes/c80196.html",1
810,1
873,1
929,1
large-scale,1
posts,1
"(honours,",1
"diploma,",1
msc),1
"location,",1
"size,",1
"age,",1
disclaimers.,1
"""official""",1
administratively,1
wits,1
"complaints,",1
"queries,",1
"etc,",1
alongside,1
me.,1
aarhusfaculty,1
sciencedepartments,1
areasdaimi,1
calendardaimi,1
studiesnews,1
eventsdo,1
"6/22/95,",1
"20,539",1
accesses.,1
web-master@cis.uab.edu.,1
cscf,1
spam,1
tap,1
zoo,1
tracks,1
"href=""http://www.science.gmu.edu/~michaels/bioinformatics/"">",1
?daimi,1
peoplethe,1
librarycomputing,1
facilitiesgeneral,1
informationwww,1
webmaster@daimi.aau.dk.,1
non-graphics,1
pencil,1
symbol,1
left.,1
intend,1
"form,",1
cs/eas,1
observing,1
sixth,1
"tower,",1
middletown,1
"ct,",1
"www-browser,",1
"webmaster@daimi.aau.dk,",1
daimi.,1
"29,",1
http://www.daimi.aau.dk/index.html,1
collaborators.,1
pencil.,1
non-computer,1
:-,1
postmaster@uwcc.cc.wits.ac.za,1
webmaster@cs.wits.ac.za,1
publicly,1
group's,1
indexes,1
dienst,1
arpa/cnri,1
cornell.,1
cmu.,1
query,1
fluid,1
dynamics,1
astrophysics,1
"colloquium,",1
thursdays,1
"href=""http://www.cornell.edu/academic/courses96/csen/end6.html"">course",1
outstanding,1
"going,",1
islands,1
geecs,1
deschutes,1
face,1
oregon's,1
(cis).,1
depth,1
systems',1
"src=""http://www.cs.cornell.edu/info/home-gifs/tower-t.gif""",1
899),1
materials:,1
mondays,1
5:00,1
pm,1
929),1
fridays,1
10:30,1
ucstri,1
(unified,1
tr,1
index),1
indiana.,1
service),1
dominion,1
#NAME?,1
makes,1
italics,1
author>,1
webmaster@www.cs.wesleyan.edu,1
questions/comments,1
"(ee,",1
"ce,",1
advertisements,1
"align=""bottom""",1
width=15,1
height=25,1
"alt=""servers"">",1
bioinformatics/computational,1
(aaas,1
resource),1
quote,1
"""i",1
extraordinarily,1
"out,",1
webmaster@cs.uoregon.edu,1
"oregon,",1
divisions:,1
"cse,",1
"ese(ee),",1
sse,1
(systems),1
"contests,",1
awful,1
lot,1
"course,",1
paying,1
customer,1
shafted,1
"then,",1
complaints,1
seriously.,1
"successful,",1
error-free,1
perfect,1
www@cs.cornell.edu.,1
counseling/advising,1
counseling,1
(as,1
staff-->,1
are.,1
stretching,1
"them,",1
house.,1
a.,1
"becker,",1
pbecker@hubble.gmu.edu,1
loses,1
sense,1
"all,",1
missionaries.,1
salesmen.,1
already.,1
learn.,1
"applications,",1
"syllabuses,",1
complete,1
hands.,1
"hands,",1
"hope,",1
intelligence:,1
computer-aided,1
(caen),1
arbor,1
"href=""http://www.cs.ucl.ac.uk/courses.html"">courses",1
ucl+the,1
led,1
"more.""",1
dedication,1
"""structure",1
interpretation,1
"programs""",1
"(abelson,",1
sussman),1
quotes,1
-------------------------------------------------------------------------,1
hml,1
w3group@cs.vassar.edu.,1
vc,1
querying,1
better,1
trademark,1
cs122,1
cs123,1
cs-265,1
`95,1
(cs-378),1
meg.,1
"href=""http://www-server.bcc.ac.uk/home.html"">college",1
guidelines.,1
called,1
infoseek:,1
empty,1
"src=""http://www.cs.vassar.edu/images/question2.gif""",1
"alt=""how",1
"that?"">information",1
folks,1
"regularly,",1
domain.,1
is:,1
1301,1
"arbor,",1
48109-2122,1
764-2390,1
763-1503,1
count:,1
114035,1
agree,1
abide,1
"networks,",1
publishing.,1
enquires,1
webmaster@cs.ucl.ac.uk,1
"instance,",1
emacs,1
vassar:,1
11:18:38,1
web@eecs.umich.edu,1
"admissions,",1
admission.,1
wc1e,1
"6bt,",1
u.k.,1
"springside,",1
vassarmoo,1
launch,1
(take,1
charge.),1
nando,1
(requires,1
registration),1
cnn,1
version.,1
reuters,1
election,1
coverage,1
(it's,1
load),1
html2.0,1
html3.2,1
tei,1
both),1
valid,1
html2,1
html3.,1
unipress,1
weblint.,1
(2k,1
webtechs,1
compliance,1
"mozilla,",1
hotjava.,1
(no,1
didn't,1
for?,1
"src=""http://www.webtechs.com/html-val-svc/images/valid_html-wilbur.gif""",1
"alt=""w3c",1
"checked!""",1
"border=""0"">",1
blayne,1
219,1
74078-1053,1
744-5668,1
744-9097,1
17:15:09,1
welcomes,1
anchor,1
(text,1
underlined),1
resource.,1
"""back""",1
hatcliff,1
"languages,",1
specialization,1
"verification,",1
theory.,1
left,1
width,1
250,1
height,1
84,1
"""http://www.calpoly.edu/common-pictures/cp_logo.xbm""",1
"""cal",1
remember,1
accreditation,1
"recognition,",1
string,1
biochemistry.,1
wisconsin-madison.,1
optimization.,1
2074,1
down.,1
minutes.,1
96/01/29,1
95/07/31,1
www.eecis.udel.edu,1
imagemap,1
"ee,",1
cis.,1
ee/cis's,1
spool.,1
u-discover!,1
udel's,1
alamos,1
sandia,1
machinary,1
cisgsa,1
nsbe,1
upe,1
potentially,1
stuff,1
aspects,1
"slo""",1
pilling,1
14-254),1
"obispo,",1
(cra),1
directorate,1
"mexico,",1
"albuquerque,",1
nm,1
87131,1
505,1
277-3112,1
505-277-6927,1
csinfo@cs.unm.edu,1
staff@eecis.udel.edu,1
93407,1
-805,1
756-2824,1
was:,1
181,1
123,1
ph.d:,1
316,1
orgs,1
"href=""mailto:webmaster@www.csc.calpoly.edu",1
""">comments",1
asst/assoc,1
supporting,1
"href=""http://www.cs.man.ac.uk/research/index.html"">research.",1
1995-1996,1
21,1
ph.ds:,1
53,1
delivers,1
tulsa.,1
"src=""http://www.cpsc.ucalgary.ca/images/icon_about.jpg""",1
"alt=""about",1
"cpsc""",1
compressed,1
video,1
backgrounds,1
ida!,1
sweden.,1
contacts.,1
strengths,1
"methods,",1
agencies,1
ratings,1
recognition,1
enthusiasm.,1
northwestern,1
effective,1
"src=""http://www.bgsu.edu/images/header.gif""",1
"alt=""bgsu",1
clickable,1
"graphic""",1
oklahoma.,1
onenet,1
"oklahoma,",1
expand.,1
ntu(national,1
"src=""http://www.cpsc.ucalgary.ca/images/icon_people.jpg""",1
"alt=""people""",1
"src=""http://www.cpsc.ucalgary.ca/images/icon_services.jpg""",1
"alt=""services""",1
"sites,",1
topics.,1
pertinent,1
states.,1
plays,1
role,1
telecommunication,1
"href=""http://www.bgsu.edu/welcome/overview.html"">bgsu",1
employees.,1
laboratories.,1
split,1
"department,and",1
professors?,1
students?,1
bgcolor=#ffffff,1
"link=""#000000""",1
"vlink=""#000000""",1
"alink=""#000000""",1
work-in-progress,1
replacement,1
web...,1
lost,1
wandering,1
halls?,1
additional,1
"lecturers,",1
facilities?,1
purpose,1
strive,1
accomplish.,1
96-11-03,1
webmaster@cs.bgsu.edu,1
"advising,",1
office.,1
450,1
75,1
"href=""http://www.cs.rpi.edu/current.html""",1
"target=""intro"">current",1
[colloquium],1
[conference,1
[brown,1
lunches],1
"href=""http://www.cs.rpi.edu/people.html""",1
"target=""intro"">people",1
"href=""http://www.cs.rpi.edu/brochure/faculty/index.html""",1
"target=""intro"">faculty]",1
"href=""http://www.cs.rpi.edu/brochure/grads/index.html""",1
"target=""intro"">graduate",1
"href=""http://www.cs.rpi.edu/brochure/staff/index.html""",1
"target=""intro"">staff]",1
"""http://www.tech.nwu.edu/"">mccormick",1
professors.,1
"src=""http://www.cpsc.ucalgary.ca/images/icon_courses.jpg""",1
"alt=""courses""",1
"src=""http://www.cpsc.ucalgary.ca/images/icon_research.jpg""",1
"alt=""research""",1
(such,1
organised,1
"including,",1
professionals:,1
peve,1
erasmus,1
exchange,1
ida:,1
"www-server,",1
"organisations,",1
combines,1
"""http://nuinfo.nwu.edu/"">northwestern",1
webmaster@ece.nwu.edu.,1
$date:,1
9/5/96,1
15:17:39,1
2000,1
fellow,1
"href=""http://www.cs.rpi.edu/brochure/ugrads/index.html""",1
"target=""intro"">undergraduate",1
"src=""http://www.cs.rpi.edu/cd0b1.gif"">research",1
[anonymous,1
ftp],1
"href=""http://www.cs.rpi.edu/projects/""",1
"target=""intro"">projects]",1
"href=""http://www.cs.rpi.edu/software""",1
"target=""intro"">software]",1
[online,1
"src=""http://www.cs.rpi.edu/form1b.gif"">admissions,",1
"aid,",1
"href=""http://www.cs.rpi.edu/admissions.html""",1
"target=""intro"">admissions]",1
"href=""http://www.cs.rpi.edu/req/req.html"">bachelor's]",1
"href=""http://www.cs.rpi.edu/brochure/gradprogram/ms.html"">master's]",1
"href=""http://www.cs.rpi.edu/brochure/gradprogram/phd.html"">phd]",1
"href=""http://www.cs.rpi.edu/brochure/gradprogram/financial.html"">graduate",1
assistantships],1
"src=""http://www.cs.rpi.edu/pc0d.gif"">facilities",1
"href=""http://www.cs.rpi.edu/brochure/facilities.html""",1
"target=""intro"">computing",1
facilities],1
"href=""http://www.cs.rpi.edu/brochure/community.html"">rensselaer",1
community],1
"href=""http://www.cs.rpi.edu/brochure/studentlife.html"">graduate",1
life],1
"href=""http://www.cs.rpi.edu/guide/guide.html"">survival",1
guide],1
abstracts),1
themes,1
"href=""http://www.cs.man.ac.uk/rgd/seminars/seminars.html"">forthcoming",1
stored,1
searched,1
browsed.,1
managed,1
"src=""http://www.cs.rpi.edu/pc2b.gif"">outside",1
"href=""http://www.rpi.edu/""",1
"target=""intro"">rensselaer",1
resources],1
"""tekniska",1
högskolan,1
kurser,1
och,1
"program""",1
"swedish),",1
swedish,1
"www-pages,",1
29-Jan-96,1
"href=""http://cs-www.uchicago.edu/publications/tech-reports/"">technical",1
cjtcs,1
distribution,1
maclab,1
subdivisions,1
machinery.,1
usually,1
month.,1
14:17,1
webmaster@ida.liu.se,1
"href=""http://cs-www.uchicago.edu/info/admin/html/people.html"">members",1
"src=""http://cs-www.uchicago.edu/images/buttons/text/cshome-button.gif""",1
"alt=""[cs",1
"home]"">",1
"src=""http://cs-www.uchicago.edu/images/buttons/text/people-button.gif""",1
"alt=""[people]"">",1
"src=""http://cs-www.uchicago.edu/images/buttons/text/pubs-button.gif""",1
"alt=""[publications]"">",1
"src=""http://cs-www.uchicago.edu/images/buttons/text/ai-button.gif""",1
"alt=""[ai]"">",1
"src=""http://cs-www.uchicago.edu/images/buttons/text/camp-button.gif""",1
"alt=""[camp]"">",1
"src=""http://cs-www.uchicago.edu/images/buttons/text/systems-button.gif""",1
"alt=""[systems]"">",1
"src=""http://cs-www.uchicago.edu/images/buttons/text/theory-button.gif""",1
"alt=""[theory]"">",1
10:58:48,1
celebrate,1
birth,1
modern,1
"accounts,",1
newsgroups.,1
"src=""http://www.cpsc.ucalgary.ca/images/icon_help_full.jpg""",1
"alt=""help""",1
[about,1
cpsc],1
[services],1
[courses],1
techstaff@cs.uchicago.edu,1
temporarily.,1
96/06/25,1
"110,",1
"113,",1
251,1
fortran,1
href=http://www.csc.calpoly.edu/~dbutler/csc440/csc440index.html>,1
440,1
href=http://www.csc.calpoly.edu/~dbutler/csc441/csc441index.html>,1
"src=""http://www.cs.brandeis.edu/img/dept-title-bar.gif""",1
"alt=""brandeis",1
"pubs,",1
"gigs,",1
"href=""http://www.cs.man.ac.uk/csonly/index.html"">information",1
441,1
(second,1
quarter),1
href=http://www.csc.calpoly.edu/~buckalew/457/457.html>,1
457,1
href=http://www.csc.calpoly.edu/~buckalew/458/458.html>,1
458,1
463,1
seminar-->,1
510/511,1
locations,1
stillwater,1
undergradute,1
"href=""http://www.brandeis.edu/admissions/admission1.html"">undergraduate",1
crew,1
orientation,1
kommittee,1
angela@cs.man.ac.uk.,1
webmaster.,1
edgmand,1
jje@cs.okstate.edu,1
post-docs,1
www.cs.man.ac.uk.,1
logfiles.,1
london:,1
huxley,1
180,1
queen's,1
"gate,",1
"doing,",1
"src=""http://www.cs.brandeis.edu/img/volen-center-wide.gif""",1
"alt=""[a",1
picture,1
"systems]""",1
newly-opened,1
credits,1
"href=""mailto:webmaster@cs.brandeis.edu"">webmaster@cs.brandeis.edu.",1
combining,1
student-centered,1
sw7,1
"2bz,",1
uk.,1
594,1
8298,1
581,1
8024,1
"centres,",1
"report,",1
undergrad.,1
postgrad.,1
in:,1
graduate-level,1
coherent,1
behavioral,1
perspectives,1
comput.,1
...year,1
ise,1
poly's,1
ieee-cs,1
simstar,1
student-organized,1
spacecraft,1
networks.,1
recognizes,1
females,1
college-wide,1
"who,",1
"studts,",1
"union,",1
accomm,1
"society,",1
contribute,1
formation,1
"business,",1
"government,",1
"cspc,",1
"db,",1
situations,1
"vacant,",1
ic,1
(fall,1
(winter,1
(spring,1
blend,1
"abstraction,",1
needed,1
swe,1
src=http://fas.sfu.ca/images/cmpt/cmptlogo.gif,1
"alt=""{cmpt",1
"logo}""",1
height=138,1
width=282>,1
"logics,",1
"coords=""0,0,479,26""",1
"href=""http://www.berkeley.edu/""",1
"alt=""uc",1
"berkeley"">",1
"coords=""0,92,92,126""",1
"href=""http://www.eecs.berkeley.edu/""",1
"alt=""eecs"">",1
"coords=""92,92,184,126""",1
"href=""http://www.eecs.berkeley.edu/prospective/""",1
"alt=""admissions"">",1
"coords=""282,92,381,126""",1
"href=""http://www.eecs.berkeley.edu/ee/""",1
"alt=""ee"">",1
"coords=""381,92,479,126""",1
"href=""http://www.eecs.berkeley.edu/help/""",1
widely,1
shpe,1
hispanic,1
recognizing,1
superior,1
scholarship,1
recipients,1
citation,1
(csif),1
webmaster@cs.ucdavis.edu,1
"26,",1
"kriwaczek,",1
addressed.,1
7th,1
"src=""http://http.cs.berkeley.edu/images/cs.logo.gif""",1
"(imagemap)""",1
"height=""113""",1
"width=""480""",1
"align=""middle""",1
"usemap=""#cs.logo""",1
permission,1
burnaby,1
v5a,1
1s6,1
4277,1
(phone),1
3045,1
387,1
#1776,1
"berkeley,",1
94720-1776,1
-510,1
642-1042,1
cooperates,1
aerospace,1
airway,1
federal,1
aviation,1
administration.,1
pursuing.,1
cutting,1
reputation,1
substantial,1
increases,1
src=http://info.cs.vt.edu/image/new_headers/vtcs.gif,1
"alt=""virginia",1
660,1
mcbryde,1
"blacksburg,",1
va,1
24061,1
(540)231-6931,1
suggested,1
patterns,1
pipeband,1
msc/phd,1
infrastructure,1
to),1
[eecs],1
[admissions],1
[cs],1
[ee],1
webteam@cs.berkeley.edu,1
8/6/96,1
activites,1
patents,1
experienced,1
aggressive,1
grades,1
tram,1
central:,1
real-world,1
(540)231-6075,1
11),1
"lectures,",1
sister,1
b.c.:,1
"employees,",1
cpe,1
"poly,",1
6,1
22:07:02,1
.pdf,1
files.,1
commencement,1
locate,1
gpa,1
3.25,1
"better,",1
score,1
1650,1
"gallery,",1
"ceremonies,",1
-1996,1
year's,1
edition,1
"plans,",1
"accomplishments,",1
"alt=""[info-city]""",1
"src=""http://www.ccs.neu.edu/projects/infocity/images/infocity.xbm"">",1
influence,1
focuses,1
text-based,1
"href=""http://info.cs.vt.edu/dept_info/timetables.html"">timetables",1
correctly,1
implements,1
tables.,1
crash,1
windows.,1
warned.,1
employers!,1
"graduates,",1
interns?,1
bank!,1
talents,1
skills.,1
college's,1
workplace.,1
(both,1
"href=""http://www.ccs.neu.edu/groups/grads/"">grads",1
"href=""http://www.ccs.neu.edu/groups/undergrads/"">undergrads),",1
"href=""http://www.ccs.neu.edu/groups/faculty/"">faculty,",1
cooperate,1
"multi-user,",1
environment.,1
connect,1
"homes,",1
checksheets,1
in-depth.,1
night.,1
"ideally,",1
"tools,",1
expansion,1
leadership,1
"honors,",1
engine!,1
quickly,1
for!,1
"convenience,",1
climate,1
informative,1
exchanges,1
expertise.,1
galaxy/phoenix,1
"account,",1
to<a,1
"href=""mailto:webmaster@www.csc.calpoly.edu"">",1
1990,1
brings,1
2964/4964),1
statements,1
deparments.,1
groupings,1
"uk,",1
"1,000",1
institutional,1
plan.,1
goodies,1
search<!--,1
shortcuts,1
"22nd,",1
545,1
"winnipeg,",1
r3t,1
"2n2,",1
474-8313;,1
"koofers,",1
"cheating,",1
"href=""http://ei.cs.vt.edu/~cs2604/standards/standards.html"">elements",1
style,1
28,1
©,1
phds,1
269-9178,1
operated,1
minimalist,1
advisor's,1
handbook<img,1
senate,1
cassa,1
page<img,1
(bc),1
(cs),1
(is),1
intended,1
"services,",1
expert.,1
a&amp;m's,1
manitoba.,1
(fort,1
garry),1
suburban,1
winnipeg.,1
"macintosh,",1
"cisr,",1
"csr,",1
"dig,",1
"hcid,",1
"iop,",1
ipu,1
sarc.,1
h.r.,1
"station,",1
77843-3112,1
845-5534,1
platforms.,1
books.,1
16:26:59,1
5th,1
yang4evr@uci.edu,1
847-8578,1
"saturday,",1
&copy;1996,1
a&amp;m&nbsp;university,1
irvine.,1
(sarc),1
(hcid),1
reliability,1
(csr),1
(cisr),1
assumed,1
complete.,1
"basis,",1
aware,1
baltimore,1
(umbc),1
extensive,1
utilizing,1
exported,1
ftp.ccs.neu.edu.,1
describes,1
lut,1
"sasos,",1
pgg,1
seed.,1
crossfire,1
(x11,1
adventure,1
game),1
(su2sg),1
constraint,1
galactic,1
(pgg),1
(anarchist,1
signal,1
computability,1
"vlsi,",1
"photonics,",1
"microelectronics,",1
(mirror,1
"karlsruhe,",1
germany),1
developed,1
"locally,",1
installed.,1
"http-equiv=""content-type""",1
"content=""text/html;",1
"charset=iso-8859-1"">",1
"src=""http://cswww.vuse.vanderbilt.edu/images/cs-masthead.gif""",1
"change,",1
up-to-date.,1
confirm,1
units,1
bibliographies:,1
(sasos),1
illustrated,1
accomplishments,1
cs.umbc.edu,1
"href=""http://engr.umbc.edu/~itl/ee/academic/grad/program/program.html"">",1
tele-vision,1
words:,1
searching:,1
materials.,1
"hspace=""5""",1
"vspace=""5""",1
"width=""506""",1
"height=""79"">",1
alumni<a,1
"href=""http://cswww.vuse.vanderbilt.edu/gradstud.htm"">",1
services),1
records,1
(exam,1
textbook,1
bannatyne,1
campuses,1
information<a,1
"href=""http://itchy.vuse.vanderbilt.edu:8759/nolog/suggestion.html"">",1
suggestion,1
"href=""http://www.vuse.vanderbilt.edu/~raghavan/withit.html"">with-it",1
computing's,1
groups.,1
"tech,",1
affect,1
anticipated,1
"border=""0""",1
vanderbilt,1
"href=""http://cswww.vuse.vanderbilt.edu/~csgso/csgso.html"">csgso",1
trivia,1
jargon,1
cobwebs,1
92697-3425,1
date.,1
"src=""http://www.cs.duke.edu/csbanner.gif""",1
"src=""http://web.cs.city.ac.uk/icons/apache_pb.gif""",1
"alt=""powered",1
"apache""",1
"width=""259""",1
"height=""32"">",1
artifical,1
"href=""http://www.vanderbilt.edu"">vanderbilt",1
"href=""http://www.vuse.vanderbilt.edu"">school",1
http://www.cs.vt.edu/,1
2071,1
governments,1
rough,1
entries,1
spun,1
parts,1
net.,1
ranges,1
introductions,1
blends,1
"principles,",1
actual,1
hierarchical,1
catalogues,1
"gnn,",1
navigator,1
824-7403,1
824-4056,1
webmaster@ics.uci.edu.,1
amusements,1
width=460>,1
"src=""http://www.cs.duke.edu/navhelp.gif""",1
"src=""http://www.cs.duke.edu/navresearch.gif""",1
"alt=""[research]""",1
suggestions?,1
languages.,1
"useful,",1
decided,1
`mirror',1
generally,1
14:26:00,1
"src=""http://www.cs.duke.edu/navpeople.gif""",1
"alt=""[people]""",1
"src=""http://www.cs.duke.edu/naveducation.gif""",1
"alt=""[education]""",1
"src=""http://www.cs.duke.edu/navsearch.gif""",1
solid,1
discipline.,1
practical,1
intellectual,1
"interest,",1
useful.,1
runs,1
"src=""http://www.cs.duke.edu/navhome.gif""",1
"alt=""[home]""",1
ranks),1
efficient,1
limits,1
challenged,1
seek,1
insights.,1
assignments,1
chosen,1
operation,1
www@cs.umanitoba.ca,1
www@cs.duke.edu.,1
11/26/96,1
2:30:37,1
ut:,1
comparatively,1
recent.,1
menubar,1
b.s,1
ee&cs,1
laboratories:,1
japan:,1
node,1
japan.,1
have:,1
practice,1
(psp),1
doing,1
(dqw),1
collaboration,1
science</fo,1
nt>,1
acm/siggraph,1
"src=""http://www.cs.gsu.edu/icons/4star44t.gif""align=rig",1
ht>,1
"atlanta,",1
ga,1
30303,1
"oberlin,",1
44074,1
6th,1
erau,1
(spin),1
e-mails:,1
conway's,1
game,1
249085,1
"gables,",1
33124-4250,1
tel.,1
284-2575,1
fax.,1
284-2848,1
math@cs.miami.edu,1
http://people.cs.miami.edu,1
jg,1
93.11.25,1
effect,1
interim,1
noteworthy.,1
(phillips,1
"hall),",1
22nd,1
"nw,",1
"20052,",1
"994-7181,",1
"994-0227,",1
towhid@db.erau.edu,1
sarchet@db.erau.edu,1
shirley@db.erau.edu,1
engeneering:,1
soheil@db.erau.edu,1
questions???,1
at:,1
mcallisp@cts.db.erau.edu,1
regs,1
"src=""http://cs.wpi.edu/images/banner.gif""",1
"alt=""wpi",1
mini-catalog,1
abstractions,1
341,1
"background=""/backgrounds/bg.gif""",1
cc301),1
tutors,1
indy-lab.,1
announcement.,1
board.,1
precalculus.,1
htx,1
catalog.,1
"institute""",1
width=418,1
height=40>,1
"src=""http://cs.wpi.edu/images/cs_banner.gif""",1
"department"">",1
"src=""http://cs.wpi.edu/images/hr.gif""",1
"alt=""------------------------------------------""",1
"overview,",1
"cs?,",1
"meetings,",1
"vlink=""#3a5fcd""",1
"colstart=""1""",1
"width=""50%""",1
"align=""left""",1
"valign=""top"">",1
"bgcolor=""fffaf0""",1
"text=""000000""",1
"link=""080088""",1
"alink=""800000""",1
"morgantown,",1
virginia.,1
"vlink=""184868"">",1
"catalogs,",1
"offered,",1
"like,",1
comment.,1
"brunswick,",1
4011,1
725-3160,1
725-3750,1
differential,1
equations,1
dynamical,1
declarative,1
algebraic,1
combinatorics,1
111,1
aron-rady,1
rippling,1
interest:,1
"java,",1
room.,1
pick,1
philosophy.,1
inter-disciplinary,1
eecs@seas.gwu.edu,1
faculty:,1
water-driven,1
adder,1
"prize,",1
robust,1
layout,1
miami.,1
traditional,1
mthvax,1
miami/math,1
mirror.,1
8/14/95,1
mac-lovers,1
everywhere.,1
download.,1
weather.,1
tutorial.,1
"href=""http://www.ncsa.uiuc.edu/general/internet/www/htmlprimer.html"">",1
viewed,1
3.0.,1
"19,",1
address:,1
visitor's,1
18:39:00,1
burt@cs.miami.edu,1
momo@cs.miami.edu,1
founded,1
"1965,",1
levels.,1
members:,1
"acm,",1
"upe,",1
"ai,",1
"databases,",1
"graphs,",1
"trs,",1
"ftp,",1
staffordshire,1
st5,1
5bg,1
583075,1
713082,1
faculty/students,1
stimulate,1
specialized,1
you:,1
"src=""http://www.cs.wvu.edu/gifs/student.gif""",1
"alt=""student",1
"src=""http://www.cs.wvu.edu/gifs/faculty.gif""",1
"alt=""faculty",1
undertaken,1
"genetics,",1
"physics,",1
medicine,1
manufacturing.,1
ties,1
"rooms,",1
"printers,",1
"href=""http://cs.wpi.edu/feedback.html""",1
"onmouseover=""self.status='send",1
creator,1
page.';return,1
ap,1
"src=""http://cs.wpi.edu/images/feedback.gif""",1
"alt=""[feedback]""",1
"href=""http://cs.wpi.edu/search.html""",1
"onmouseover=""self.status='search",1
wpi.';return,1
"src=""http://cs.wpi.edu/images/search.gif""",1
"alt=""[search",1
"web]""",1
"href=""http://cs.wpi.edu/help.html""",1
"onmouseover=""self.status='get",1
departments.,1
commonly,1
web.';return,1
"src=""http://cs.wpi.edu/images/help.gif""",1
"alt=""[help",1
"index]""",1
"institute,",1
"src=""http://www.cs.wvu.edu/gifs/alumni.gif""",1
"alt=""alumni",1
"src=""http://www.cs.wvu.edu/gifs/employer.gif""",1
"alt=""employer",1
investigators,1
institutions.,1
demonstrating,1
jobs.,1
"src=""http://www.cs.wvu.edu/gifs/prospective.gif""",1
"""5""",1
"""http://www.keele.ac.uk/images/gohome.gif"">keele",1
cwis,1
geoff,1
geoff@cs.keele.ac.uk,1
ee/cs,1
industry.,1
"dept,",1
94305,1
numbers:,1
necuse,1
courselisting,1
produced,1
"alt=""prospective",1
"student""",1
wvu,1
723-2273,1
725-7411,1
library:,1
723-4672,1
100,1
"road,",1
"01609-2280,",1
-508,1
831-5357,1
"src=""http://cs.wpi.edu/images/seal.gif""",1
"homepage]"">",1
"src=""http://cs.wpi.edu/images/back.gif""",1
"href=""mailto:garnick@bowdoin.edu"">david",1
garnick,1
<!--begin_wpics_comment,1
archivelocation:,1
archivefrequency:,1
archivelast:,1
updatecontact:-->,1
webmaster@cs.wpi.edu,1
updatefrequency:,1
updatelast:-->,1
sept,1
end_wpics_comment-->,1
certain,1
cs219,1
intermediate,1
cs297,1
1996.12.09,1
phonebook.,1
webmaster@cs.wvu.edu,1
comment!,1
proper,1
authorization.,1
about:,1
"(m.s.,",1
"ph.d.),",1
"(b.a.,",1
procedural,1
278,1
378,1
(hkn),1
(ieee),1
b.s.),1
events:,1
other:,1
morgantown,1
wv,1
26506-6506,1
requests,1
also:,1
"href=""http://wings.buffalo.edu/academic/department/fnsm/"">faculty",1
goto:,1
"alt=""[gw",1
"src=""http://www.seas.gwu.edu/images/gwu-logo-thumb.gif"">",1
"alt=""[seas",1
"src=""http://www.seas.gwu.edu/images/seaslogo_icon.gif"">",1
"href=""mailto:cs-consult@cs.buffalo.edu"">cs-consult@cs.buffalo.edu.",1
(updated,1
hourly.),1
unreadable,1
"""ugly""",1
"background,",1
blame,1
actually,1
almost-uniform,1
muted,1
publications@cs.stanford.edu.,1
cs-tr,1
publish,1
logo.,1
(256-color),1
"display,",1
general_preferences,1
loading,1
"""dither""",1
davin,1
milun,1
(milun@cs.buffalo.edu),1
note.,1
directory:,1
homepages:,1
student's,1
pedit,1
database.,1
eng.,1
[scu,1
page],1
[mission,1
gardens],1
...in,1
heart,1
width=430,1
height=168,1
"src=""http://www.cs.dartmouth.edu/images/dartgreeting4.gif""",1
"lowsrc=""/images/dartgreeting-lores.gif""",1
"hanover,",1
hampshire.,1
``just,1
reinforce,1
lines,1
dartmouth's,1
unique,1
legacy,1
difference.,1
venture,1
capital,1
valley!,1
[programs],1
[schedules],1
[facilities],1
[jobs],1
[societies],1
listings:,1
"bulletin,",1
"href=""http://www-cs-staff.stanford.edu/stanford/phd-requirements.html"">phd",1
lyndad@seas.gwu.edu,1
csd.bboard,1
forum.,1
"events:seminars,",1
"future,",1
birthdays.,1
[students],1
"clara,",1
"95053,",1
"554-4483,",1
"554-5474,",1
bbs:,1
"554-5197,",1
comp-eng@scu.edu,1
"valley,",1
generating,1
tresidder,1
tac,1
truly,1
bringing,1
generation,1
technologies,1
reality.,1
work.'',1
&nbsp;--&nbsp;anonymous,1
"tabulated,",1
graphical.,1
sudikoff,1
clerk,1
king's,1
road,1
engineering/applied,1
"umass,",1
amherst,1
"src=""http://kernighan.cs.umass.edu/tower-color.gif""",1
"alt=""***",1
images.,1
eh9,1
3jz,1
650,1
5129,1
667,1
7209,1
(dags),1
affilitiated,1
arithmetic,1
reliable,1
cad,1
mosquitonet,1
alternate,1
"***""",1
miscellaneous:,1
"href=""http://www-astro.phast.umass.edu/guest/amherst.html"">amherst",1
(cs.umass.edu),1
34610,1
lederle,1
"amherst,",1
01003-4610,1
545-2744,1
545-1249,1
stemple,1
545-2742,1
"majors,",1
search!,1
upper,1
#7,1
overall,1
computer-science,1
"href=""http://www-",1
"astro.phast.umass.edu/guest/amherst.html"">amherst.-->",1
"href=""http://www.ed.ac.uk/"">",1
"href=""http://ocs7.mis.ed.ac.uk/scieng/"">science",1
"href=""http://www.dai.ed.ac.uk/"">department",1
gnuplot),1
traveling,1
(mobile,1
networking),1
flash,1
(multiprocessor,1
research),1
human-computer,1
pav,1
(program,1
verification,1
objectives,1
aims,1
expressed,1
statement.,1
publishes,1
computer-system,1
copyrighted.,1
kotz,1
"crow,",1
izvorski.,1
www@dcs.ed.ac.uk,1
non-graphic,1
clients,1
visit.,1
(cscf),1
dfk@cs.dartmouth.edu,1
crow@cs.dartmouth.edu,1
tutorials.,1
verify,1
verifier.,1
wish,1
scripts.,1
ucsc,1
"src=""http://www.cse.ucsc.edu/cgi-bin/counterii?topindex&increment&width=5"">",1
webmaster@cse.ucsc.edu,1
a.k.a.,1
rapide,1
(object-oriented,1
11:16:21,1
(gopher),1
acsiom,1
#NAME?,1
"href=""http://donald.phast.umass.edu/misc/mass.html"">massachusetts",1
#NAME?,1
releases,1
"src=""http://www.cs.umass.edu/per.gif""",1
align=middle>other,1
www-admin@cs.umass.edu,1
suif,1
(parallelizing,1
optimizing,1
(foundations,1
saskatchewan:,1
"darmstadt,",1
"src=""http://www.informatik.th-darmstadt.de/icons/fb20logo.gif""",1
width=144,1
height=96>,1
below),1
(cife),1
(cit),1
(csd-cf),1
(cf),1
saskatchewanengineering,1
1c101,1
57,1
"saskatoon,",1
"saskatchewan,",1
s7n,1
5a9tel.,1
966-4886,1
waterloo.,1
"src=""http://www.th-darmstadt.de/icons/athene.gif""",1
"alt=""th",1
"darmstadt"">",1
"src=""http://www.informatik.th-darmstadt.de/icons/fb20.gif""",1
"alt=""dept.",1
"cs"">",1
"src=""http://www.th-darmstadt.de/icons/suche.gif""",1
"alt=""search"">",1
"src=""http://www.th-darmstadt.de/icons/neues.gif""",1
"alt=""new!"">",1
"src=""http://www.th-darmstadt.de/icons/hilfe.gif""",1
"src=""http://www.th-darmstadt.de/icons/deutsch.gif""",1
"alt=""deutsch"">",1
10/2/96,1
switching,1
201,1
65211,1
882-3842,1
a.b.,1
(page,1
"e.g.,",1
hotels,1
).,1
darmstadt?,1
966-4884,1
unofficial,1
domain,1
we?,1
manual;,1
e.g.,1
600-level,1
dnacore,1
liaisons,1
(scip),1
(icit),1
grads,1
(1xx,1
2xx).,1
uniform,1
"support,",1
westerveld,1
(lawester@math.uwaterloo.ca),1
named:,1
(cecs).,1
"tutorials,",1
"c.s.s.s,",1
"csgcc,",1
"wcs,",1
"intronet'96,",1
swaps,1
provincial,1
instructors.,1
urls,1
http://www.cs.stanford.edu/class/csnnnx,1
matter,1
located.,1
place.,1
"internship,",1
"postings,",1
(lab,1
"www),",1
www-adm@www.cs.missouri.edu,1
(updated:,1
08/13/96),1
lunches,1
(glunch),1
colloqium,1
ee380),1
548),1
"src=""http://cobweb.cord.edu/mathcs/gif-bin/sinferno.gif""",1
hspace=15,1
width=152,1
height=195,1
"alt=""[image:",1
"fractal]"">",1
persons,1
headprof.,1
eager(306),1
966-4899,1
walker(306),1
966-4818,1
tremblay(306),1
966-4908,1
bunt(306),1
966-4890,1
desjardins(306),1
upenn,1
966-4889,1
managermr.,1
bocking(306),1
966-4910,1
supportvarious,1
membersemail,1
"src=""http://www.cs.usask.ca/gif/uofs-home-32.gif""",1
"alt=""u",1
mathematicsand,1
"moorhead,",1
manufacture,1
"these,",1
it'll,1
included,1
site-wide,1
wics,1
archimedes,1
documents.,1
"index,",1
"turn,",1
propagated,1
http://web.nexor.co.uk/aliweb/doc/aliweb.html,1
webmaster@cs.usask.ca,1
availble,1
pulished,1
friends,1
11,1
m-j.,1
dominus,1
mjd@saul.cis.upenn.edu,1
33rd,1
"philadelphia,",1
19104-6389,1
news-bytes,1
clarinet,1
"mlc++,",1
icons,1
gifs,1
"yourself,",1
guestbooks.,1
!-->,1
scheduling,1
reservation,1
hcc,1
scripting,1
offices.,1
(password,1
required).,1
104,1
beastie,1
him.,1
mouth,1
"isu,",1
late,1
1930's,1
infomaster,1
"listings,",1
talk.,1
"sze,",1
sze@cobber.cord.edu.,1
7/12/96,1
(cse),1
atanasoff,1
info:,1
cse?,1
changed.,1
z39.50,1
libraries.,1
height=80,1
"src=""http://www.cs.caltech.edu/pictures/tinycitlogo.gif"">",1
middlesex,1
discipline,1
outset,1
"415,",1
prefix,1
72_.,1
"(typically,",1
digits,1
lias.,1
informationelectronic,1
brochures,1
bulletins.,1
psu,1
people:the,1
"src=""http://www.cs.caltech.edu/pictures/compbioa.gif"">",1
"2,200",1
"src=""http://www.cs.iastate.edu/images/resourceseal.gif""",1
"alt=""[campus",1
"resources]""",1
"src=""http://www.cs.iastate.edu/images/searchseal.gif""",1
"src=""http://www.cs.iastate.edu/images/helpseal.gif""",1
listed.),1
non-stanford,1
design.,1
western,1
"ontario,",1
n6a,1
5b7,1
661-3566,1
url's,1
"src=""http://www.cs.caltech.edu/pictures/scptitana.gif"">",1
"src=""http://www.cs.caltech.edu/pictures/graphicsa.gif"">",1
intra-departmental,1
"src=""http://www.cs.caltech.edu/pictures/infospherelogo.gif"">",1
mailing:,1
91000,1
"portland,",1
"value=""homepage",1
97291-1000,1
shipping:,1
20000,1
nw,1
rd.,1
"beaverton,",1
97006,1
690-1151,1
690-1548,1
661-3515,1
inviting,1
"value=""cs,",1
"home,",1
"tour,",1
"information"">",1
"name=""resource-type""",1
"value=""document"">",1
height=94,1
width=114,1
"src=""http://www.cs.byu.edu/images/byucs1.gif""",1
898-8560,1
898-0587,1
group/center,1
www@cs.caltech.edu,1
"alt=""3361",1
tmcb,1
"801-378-3027"">",1
stroll,1
corridors,1
"href=""http://www.cse.ogi.edu/virtualcse/"">virtual",1
interestinternet,1
command,1
cis/seas,1
tenure-track,1
professor.,1
(cse,1
domains,1
(images),1
tentative,1
remaining,1
terms,1
quarters,1
finance,1
mtu,1
1400,1
49931-1295,1
office:,1
205,1
487-2209,1
487-2283,1
csdept@mtu.edu,1
society.,1
cpsr:,1
commands,1
handouts,1
repetitive,1
chess,1
kasparov,1
play,1
deep,1
happens.,1
wanted,1
goals,1
notices,1
access),1
informationabout,1
(b.s.,1
ph.d),1
96-97,1
(gif),1
(table),1
webmaster@www.cs.stanford.edu,1
jul,1
grasp,1
linc,1
webever,1
defy,1
classification?,1
cac,1
pay),1
(1,1
week/spare,1
time),1
"project,",1
customizing,1
1-page,1
bit-by-bit,1
bursary,1
available<img,1
account/account,1
extension,1
surrounding,1
environment!,1
shots,1
***,1
bigger.,1
estimation,1
"src=""http://www.cs.byu.edu//gifs/new.gif"">",1
doc/visiting,1
department/local,1
outside,1
(16k,1
gif),1
pratten,1
&lt;webmaster@csd.uwo.ca&gt;,1
14:47:13,1
sites.,1
businesses,1
quickbasic,1
macintosh.,1
(rab@stolaf.edu).,1
[top][department][education][ogi],1
"href=""mailto:www@cse.ogi.edu"">www@cse.ogi.edu",1
cbm.,1
webpage,1
cac.,1
(+1),1
projects/topics,1
traumaid:,1
decision,1
activities/programs,1
students/faculty,1
automatic,1
creation/reenable.,1
faculty/grad,1
ya,1
vienna,1
"""ahead",1
"game""",1
think...,1
contract,1
market,1
"'96,",1
"week,",1
help-wanted,1
newspapers.,1
"procedures,",1
subjects.,1
compatible/macintosh,1
webmaster@cs.iastate.edu,1
accesses:,1
77260,1
preliminary,1
draft.,1
gotta,1
see...,1
flyby,1
(mpeg,1
2.5,1
meg!),1
similar,1
ketav:,1
technische,1
informatik,1
webmaster@cs.mtu.edu,1
"href=""http://www.ams.org/careers/"">mathematical",1
(galaxies,1
billion,1
ago),1
"alt=""gif",1
jupiter,1
seen,1
hubble,1
"1995""",1
"width=""140""",1
"src=""http://www.stolaf.edu/stolaf/depts/cs/images/hst_feb95_grsside.gif"">",1
"""http://ccf.arc.nasa.gov:80/galileo-probe/images/hst_feb95_grsside.gif""",1
echtzeitsysteme,1
softwaretechnologie,1
entwurf,1
gr&uuml;nbacher),1
automatisierungssysteme,1
magazine,1
"employment,",1
220,1
16802-6106,1
865-9505,1
865-3176,1
ribbon,1
anti-censorship,1
campaign!,1
1996...,1
width=68,1
"src=""http://www.cs.byu.edu/buttons/college-button.gif""",1
"alt=""college",1
nus,1
width=362,1
height=67,1
src=http://www.iscs.nus.sg/images/nus.jpg,1
"usemap=""#nusmap""",1
tributary,1
"href=""http://www.stolaf.edu/stolaf/catalog/courses/13_overview.html"">",1
"href=""http://www.stolaf.edu/stolaf/catalog/courses/13_classes.html"">",1
"href=""http://www.stolaf.edu/people/rab/csc/catalog.html"">",1
penetrating,1
treebank,1
xtag,1
permanent,1
(linguistics,1
"consortium,",1
c/unix).,1
manager@www.cis.upenn.edu,1
"href=""http://www.stolaf.edu/stolaf/catalog/courses/13_sem1_schedule.html"">",1
i),1
"href=""http://www.stolaf.edu/stolaf/catalog/courses/13_sem2_schedule.html"">",1
ii),1
music?,1
(e-mail,1
hamlin).,1
rab@stolaf.edu,1
(dick,1
"brown,",1
"coordinator,",1
concentration),1
webmaster@stolaf.edu,1
width=42,1
"src=""http://www.cs.byu.edu/buttons/button-calvin.gif""",1
"page"">",1
"problems,",1
vacancy,1
banking,1
mustererkennung,1
bildverarbeitung,1
kropatsch),1
informationssysteme,1
verteilte,1
jazayeri),1
datenbanken,1
27th,1
ooiwt,1
ooibc.,1
webmasters:,1
"ooibc,",1
"tanhw,",1
yeoak.,1
expertensysteme,1
wissensbasierte,1
computersprachen,1
programmiersprachen,1
&uuml;bersetzerbau,1
brockhaus),1
anwendungen,1
der,1
formalen,1
logik,1
"22,",1
algorithmen,1
programmiermethodik,1
visualisierung,1
"src=""http://www.cs.hmc.edu/gifs/cs-masthead.gif""",1
"alt=""hmc",1
"logo""",1
x-sas-useimagewidth,1
x-sas-useimageheight,1
hmc,1
purgathofer),1
gestaltungs-,1
wirkungsforschung,1
(cscw),1
wagner),1
sozialkybernetik,1
(social,1
cybernetics),1
softwaretechnik,1
tjoa),1
responsibilites.,1
"offerings,",1
studying,1
thevienna,1
"clinic,",1
"teams,",1
ac,1
clinic,1
"recreation,",1
restaurants,1
"91711,",1
52412,1
studienkommission,1
"county,",1
621-8225,1
621-8465,1
keller@cs.hmc.edu,1
http://www.cs.hmc.edu/,1
(german).,1
course?,1
about?,1
twelfth,1
"claremont,",1
91711-5980,1
minorities,1
"vienna,",1
johannes-kepler-university,1
(linz),1
klagenfurt,1
salzburg,1
r&amp;d,1
efforts,1
(fodok).,1
weary,1
cyberspace,1
traveller,1
"vancouver,",1
"bc,",1
expecting,1
webmaster@infosys.tuwien.ac.at,1
(nov,1
21:16),1
development),1
province,1
"fortunately,",1
paths,1
nooks,1
crannies,1
whereabouts,1
illustrious,1
cs16,1
term,1
they're,1
broken,1
categories,1
style.,1
appeal,1
menu-style,1
do.,1
projects-->,1
scholar's,1
progam,1
newsletter-->,1
"cruces,",1
install,1
customized,1
t-shirt,1
surprisingly,1
easy.,1
show,1
"non-threatening,",1
furman-specific,1
manner.,1
on-line.,1
representatives,1
committees.,1
"one,",1
locals,1
only!,1
webs.,1
lci,1
(computational,1
"intelligence),",1
imager/grafic,1
"content=""home",1
"bloomington."">",1
"indiana,",1
"academics"">",1
bloomington,1
"mailto,",1
majors:,1
encouraged,1
out.,1
preceding,1
and/or,1
treu,1
"lindell,",1
(slindell@cs.haverford.edu),1
wonnacott,1
(davew@cs.haverford.edu),1
treu.,1
"inclusions,",1
"formatting,",1
forms:,1
tecosky-feldman,1
(jtecosky@haverford.edu),1
(cgreene@haverford.edu),1
roelofs,1
(lroelofs@haverford.edu),1
"src=""http://www.cs.bham.ac.uk/logos/newtopt.gif""",1
width=560,1
height=101,1
treu@furman.edu.,1
"17,",1
1994,1
"graphics),",1
e-gems,1
(electronic,1
games,1
"education),",1
scv,1
"visualization),",1
dsg,1
(distributed,1
"group),",1
magic,1
(media,1
"centre),",1
dbsl,1
(database,1
laboratory).,1
"cicsr,",1
"ways,",1
"alt=""-=",1
"=-"">",1
"otherwise,",1
hints,1
browser.,1
index/<a,1
"href=""http://www.cs.indiana.edu/dept/acad/descr.html"">descriptions,",1
evaluations/<a,1
"href=""http://iueval.cs.indiana.edu:5283/iueval/cgi-bin/semester-form""",1
>surveys,1
"board,",1
1996.11.20,1
personalized,1
hyplan,1
calendar:,1
horizon,1
days,1
"unix,",1
"src=""http://www.cs.bham.ac.uk/logos/bu_tny.gif""",1
width=48,1
travel,1
mawr,1
(dkumar@blackcat.brynmawr.edu),1
manipulate,1
transform,1
qualifying,1
preview,1
groups/labs/projects,1
school's,1
x.500,1
documentation.,1
implementation.,1
"such,",1
roots,1
disciplines.,1
unified,1
aliweb,1
faces,1
picons,1
archive/search,1
cusi,1
webmaster@cs.bham.ac.uk,1
bi-college,1
mawr.,1
physics.,1
data-processing,1
believes,1
"href=""http://www.ncsa.uiuc.edu/general/internet/www/htmlprimer.html""",1
>learn,1
lingua,1
franca,1
jump,1
right,1
noetica,1
e-journal,1
types,1
analog,1
(extreme!,1
scheme,1
educational-infrastructure,1
approach,1
consistent,1
arts.,1
aim,1
base,1
transcend,1
short-term,1
fashions,1
fluctuations,1
"mathematical,",1
utep,1
maturing,1
itself.,1
inference,1
informal,1
concepts,1
cognition,1
innovative,1
program:,1
(cica),1
"machinery,",1
surveys:,1
interval,1
computations,1
d.b.a.,1
viking,1
schedules:,1
allows,1
userinfo,1
mawr's,1
davew@cs.haverford.edu,1
actions,1
societies,1
submit,1
integrity,1
handbook:,1
"on-line,",1
newcastle,1
height=33,1
width=460,1
"src=""http://dcs.www.ncl.ac.uk/library/images/u.ncl/lion5.gif""",1
"alt=""uni",1
gelfond's,1
50th,1
birthday,1
structure,1
pc.,1
phillips@cs.ubc.ca,1
copy.,1
"logo"">",1
"(bsc,",1
"msc,",1
phd),1
spaces,1
apache,1
month,1
applies,1
structure.,1
"src=""http://www.cs.indiana.edu/logos/4star44t.gif""",1
"alt=""a",1
width=44,1
height=59>,1
health,1
care,1
"href=""http://cs.utep.edu/csdept/expo.html""",1
target=_top>engineering-expo,1
cleveland-marshall,1
webmaster@cs.indiana.edu,1
lookup,1
causes,1
"href=""mailto:webmaster.cs@ncl.ac.uk""",1
>webmaster.cs@ncl.ac.uk,1
17,1
..,1
works!,1
enhanced,1
hernandez-zapien,1
viewbook,1
somewhere.,1
10th,1
engine,1
uiuc,1
trouble.,1
consistly,1
"name=""footer""",1
"src=""http://cs.utep.edu/csdept/csfooter.html""",1
noresize,1
marginheight=0,1
scrolling=no,1
23:00,1
edt,1
macintoshes,1
lying,1
around.,1
lots,1
say,1
reference.,1
texinfo,1
line.,1
"room,",1
[http@cis.csuohio.edu],1
jounals,1
meagre,1
beginnings,1
"title,",1
as:,1
thesaurus.,1
ean,1
mailer,1
periodic,1
elements,1
goes,1
oldest,1
1969,1
1970,1
1971,1
housed,1
1988,1
multidisciplinary,1
nhl,1
telnet-based,1
"di,",1
universite,1
d&eacutepartement,1
d'informatique,1
"f09,",1
nsw,1
"1990,",1
completed,1
"(firstyears,",1
secondyears,1
finalists),1
"brussels,",1
belgium.,1
96),1
"2006,",1
3423,1
3838,1
camperdown,1
3km,1
units),1
des,1
cours,1
bookmarks,1
district,1
1km,1
emerging,1
redfern.,1
"width=""275""",1
"height=""380""",1
"src=""http://www.cs.utah.edu/icons/marriot275x380.jpeg""",1
"alt=""view",1
"(funding,",1
seront,1
home-page,1
"src=""http://www.montefiore.ulg.ac.be/cgi-bin/counter?http://www.ulb.ac.be/di/"">",1
wasatch,1
mountains,1
"background"">",1
3190,1
84112,1
(801)-581-8224,1
(801)-581-5843,1
info@cs.utah.edu,1
(e-mail),1
delivered,1
learning.,1
"to,",1
"""mandatory""",1
release!,1
compare,1
taken,1
retrieving,1
(accredited,1
csab),1
ph.d,1
greenhouse,1
persistent,1
provided.,1
"experience,",1
raytracing,1
internet/web,1
"house,",1
(ces),1
genome,1
"do,",1
evansville,1
webmaster@uenics.evansville.edu,1
3-Apr-95,1
14:20:07,1
cdt,1
ugrad,1
bassernet,1
periodical,1
compression,1
organick,1
lectures.,1
"source,",1
option,1
(ee),1
commercial,1
arm,1
consulting,1
"background=""http://www.umcs.maine.edu/~www-adm/gifs/back1.jpeg""",1
text=000000>,1
reasonably,1
spiffy,1
due.,1
tinguely,1
"href=""mailto:tinguely@plains.nodak.edu"">tinguely@plains.nodak.edu",1
webmaster@cs.utah.edu,1
heads,1
rfit,1
conducted,1
availability,1
primary,1
predominantly,1
theses.,1
amount,1
mirrored,1
small.,1
sees.,1
decoding,1
corresponding,1
"addresses,",1
"acadia,",1
rlogin,1
acadia,1
sgi,1
acse,1
tramps,1
hourly;,1
finds,1
workstation.,1
"experiences,",1
"applets,",1
"credentials,",1
"src=""http://www.cs.wm.edu/cspages/images/shield.88.110.jpg""",1
"alt=""william",1
width=88,1
align=top>&nbsp;&nbsp;&nbsp;&nbsp;,1
"src=""http://www.cs.wm.edu/cspages/headers/wam-cs.gif""",1
"src=""http://www.cs.msstate.edu/images/backtwist.gif""",1
"alt=""[college",1
"engineering]"">",1
encoded,1
articles,1
"sounds,",1
shar,1
like;,1
assembles,1
width=376,1
height=116,1
align=top>,1
"july,",1
positionsvacant,1
here?,1
officers,1
"name,",1
title,1
vehicle,1
webmaster@cs.usyd.edu.au,1
otherwise),1
data.,1
errors,1
"omissions,",1
appreciate,1
ftp.cs.ubc.ca,1
zip,1
load,1
entirely,1
obtained.,1
"located,",1
equal,1
"state,",1
copy,1
234,1
"library,",1
community.,1
66506,1
913-532-6350;,1
913-532-7353,1
ksu!,1
"kansas,",1
lives,1
(shown,1
"picture),",1
97,1
b.a.,1
recommendations,1
effect.,1
newest/oldest,1
founding,1
1967,1
"day,",1
"scholarship,",1
participate,1
cluster.,1
15&nbsp;faculty,1
"3&nbsp;staff,",1
obtain,1
clicking,1
viewer,1
summarizing,1
doing!,1
tour!,1
tours,1
(if,1
slow,1
"connection,",1
versions):,1
"warwick,",1
"coventry,",1
cv4,1
"7al,",1
523193,1
525714,1
uva,1
"src=""http://www.cs.virginia.edu/newimages/new_button.gif""",1
wulf,1
stankovic,1
(effective,1
'97),1
alice:,1
progamming,1
legion:,1
proposed,1
webman@cs.virginia.edu,1
multimedia.,1
bulletins,1
umcs,1
csmonitor,1
newsletter.,1
on.,1
cdps,1
(domestic,1
"""footer""",1
orca,1
control,1
autonomous,1
underwater,1
vehicles,1
(auvs),1
emerge,1
soc,1
summer-on-campus,1
admin@dcs.warwick.ac.uk,1
(general,1
enquiries),1
webmaster@dcs.warwick.ac.uk,1
(matters,1
international),1
k-state,1
other),1
"name=""content""",1
"src=""newindex.html""",1
"scrolling=""auto""",1
"name=""dept_name""",1
"src=""dept.html""",1
"oswego,",1
http://www.cs.oswego.edu/index.html,1
emergent,1
communities,1
port,1
explain,1
whos,1
hows,1
government.,1
mr.,1
spock,1
quotes.,1
hourly,1
(crl),1
developers,1
"name=""frame1""",1
"src=""pictures.html""",1
marginheight=3,1
marginwidth=0,1
"16th,",1
concentrators.,1
happy,1
"webmaster@cs.wm.edu,",1
companies.,1
wisr,1
institutionalizing,1
reuse,1
lunchtime,1
seminar/video/discussion,1
pages:,1
invited,1
entry,1
ramps,1
highway,1
"paper,",1
(csgso),1
(csaa),1
uiuc.cs.jobs,1
acm.,1
asap,1
caps,1
portion,1
index.html,1
"text=""ffffcc""",1
"link=""ffffbb""",1
"vlink=""ffffcc""",1
"mail,",1
"us,",1
williamsburg,1
"ubc,",1
uiuc.misc.jobs,1
xemacs...,1
crl,1
desk,1
holidays,1
1997,1
migrating,1
hpux,1
10.x.,1
move,1
login,1
scripts,1
trek,1
attention,1
alumni!,1
graduates.,1
insert,1
ctc,1
quaternary,1
aimed,1
integrating,1
teeny,1
month's,1
"speakers,",1
bitswap,1
"puzzler,",1
presentations.,1
"src=""http://www.cis.ufl.edu/pix/cise-logo.gif""",1
"alt=""cise",1
height=90,1
width=391>,1
"valign=""top""",1
"align=""right"">room",1
e301,1
116120,1
"alink=""ffffcc""",1
"background=""/images/background/csback.jpg"">",1
"src=""http://www.cs.mun.ca/images/cstitle.gif"">",1
msel,1
coordinated,1
champaign-urbana,1
there.,1
ks,1
"underground,",1
"topeka,",1
"gainesville,",1
fl,1
32611-6120,1
352/392-1200,1
[announcements],1
[credits],1
committees],1
[policy],1
[office,1
space],1
[teaching,1
assistants],1
[classroom,1
utilization],1
[help,1
system],1
[e309,1
"john's,",1
"href=""http://www-cgi.cs.cmu.edu/afs/cs.cmu.edu/user/clamen/misc/canadiana/rea",1
"dme.html"">canada,",1
a1b,1
3x5.,1
737-8627,1
737-2009,1
:genoff@cs.mun.ca,1
mcs,1
(unofficial),1
newgroup,1
csgsa,1
ncgia,1
geographic,1
province.,1
start?,1
mind.,1
"href=""http://www.ncsa.uiuc.edu/sdg/software/mosaic/metaindex.html""",1
>internet,1
searchs,1
indicies.,1
"href=""http://www.cis.ohio-state.edu/hypertext/faq/usenet/faq-list.html""",1
>usenet,1
faqs.,1
essentially,1
problems?,1
webmaster@cs.uiuc.edu,1
14:34:43,1
teach,1
looks,1
works,1
256,1
colors,1
schedule],1
[employment,1
opportunities],1
[faculty],1
[administrative,1
[systems,1
[users],1
[resumes],1
[student,1
organizations],1
[alumni],1
et,1
cetera,1
[maps],1
collected,1
quite,1
diverse.,1
sounds.,1
long-range,1
info.,1
posted,1
(phillips@cs.ubc.ca).,1
anil,1
k.,1
"jain,",1
chairperson.,1
"24th,",1
week's,1
[uf,1
directory],1
[perl,1
archive],1
universities],1
[course,1
schedules],1
[graduate,1
program],1
[senior,1
guidelines],1
[sample,1
centers],1
input,1
webmaster@cise.ufl.edu,1
mail.,1
associative,1
(asc),1
transactions,1
staffs,1
"outline,",1
"slots,",1
handbooks,1
"independent,",1
"coeducational,",1
research-oriented,1
specializing,1
massachusetts.,1
radar,1
jcu,1
"content=""information",1
(eecs),1
"engineer's,",1
doctor's,1
focus.,1
academics:,1
mikhail,1
nesterenko,1
"faq,",1
"up,",1
sever,1
wealth,1
kirilov,1
texture.,1
"queensland,",1
"australia."">",1
supplement.,1
tutoring,1
evaluations,1
"management"">",1
ofcomputer,1
sciencejames,1
width=283,1
height=113,1
"src=""http://www.cs.jcu.edu.au/icons/smsm_colourbrain.gif""",1
"alt=""bsc,",1
"vlink=""#8e236b"">",1
supervisors,1
alumni/ae,1
offices:,1
headquarters,1
"mappsc,",1
"phd,",1
pgraddip,1
"available."">",1
"failure,",1
d&#230;mon,1
symbolicnet,1
rendering,1
devoted,1
team,1
(virtual),1
"15,",1
"src=""http://counter.digits.com/wc/-d/6/um_csdept""",1
align=absmiddle,1
width=90,1
seven,1
tercentenary,1
entire,1
"networked,",1
expect,1
evaluastion,1
"kent,",1
"lookup,",1
sensible,1
rules.,1
"currently,",1
fifty,1
"28th,",1
12:35:33,1
c.,1
webmaster@cs.wm.edu,1
spectrum,1
suns,1
vi-a,1
facilities:,1
dept:,1
facts,1
machine.,1
difficulties,1
volunteer,1
educator,1
1398,1
"lafayette,",1
47907-1398,1
thanks!,1
(317)494-6010,1
(317)494-0739,1
http://www.cs.purdue.edu/,1
detailed,1
"workstations,backed",1
up-to-date,1
ibm9000,1
vax9000,1
move.,1
hopefully,1
resumed,1
shortly.,1
phrase,1
hyperlink,1
document.,1
prof,1
adnan,1
hamoui.,1
kiosks.,1
topic,1
!!,1
"alt=""*)",1
"page.""",1
hspace=7,1
"src=""http://www.sci.kuniv.edu.kw/gif/homearrow32.gif"">kuwait",1
programmed,1
monzer,1
yazigi,1
k-12,1
corporate,1
"link,",1
hitting,1
amended:,1
2,1
objective,1
sponsors,1
1994-95,1
1995-96,1
mit:,1
nominations,1
depts,1
outside:,1
depts.,1
haven't,1
"before,",1
assuming,1
(email,1
me..),1
supervision,1
prof.,1
neubert,1
keegan.,1
3/26/96.,1
societies:,1
aps,1
osa,1
38-401,1
02139-4307,1
presently,1
school/conferences,1
scienceacademics,1
"new,",1
1993,1
trueman,1
(faq),1
"href=""http://www.jcu.edu.au/gen/computer_centre/pabx/phonebook/"">university",1
tropicat,1
complaint/suggestion/praise,1
pages?<a,1
"href=""mailto:webmistress@cs.jcu.edu.au"">webmistress@cs.jcu.edu.au",1
11149,1
253-4600,1
258-7354,1
hq@eecs.mit.edu,1
172740,1
rev.,1
pp,1
prospectus,1
courseware,1
sending,1
lighting,1
eiffel,1
systems/user,1
documentation/manual,1
user-supplied,1
webmaster@cs.purdue.edu,1
hobby,1
"local,",1
world-wide,1
newsgroup.,1
"servers,",1
situated,1
"clemson,",1
newly,1
hypertree.,1
1.2,1
(11/22/96,1
08:00:19),1
farrell@mcs.kent.edu,1
bailey@mcs.kent.edu,1
stacey@mcs.kent.edu,1
(how,1
us),1
"(conferences,",1
vacancies),1
teaching:,1
programmes.,1
(1995,1
"contest,",1
etc.),1
imada,1
"vlink=""#7070b0"">",1
infinity.,1
alumnae,1
field.,1
carolina.,1
864-656-3444,1
864-656-0145.,1
"""washington",1
around...,1
(experimental),1
altered,1
person's.name,1
(person's.name@foo.bar.baz),1
i'm,1
fussy.,1
mailto:,1
groupware,1
"about,",1
publications:,1
lilybank,1
online:,1
only).,1
undergoing,1
transformation,1
(webmaster@cs.clemson.edu).,1
you.,1
"bonn,",1
"dept.,",1
"""http://www.cs.wustl.edu/cs/images/cs_logo.gif"">",1
fiske,1
names,1
strongest,1
width=506,1
height=36,1
"src=""http://www.imada.ou.dk/icons/ou/hoveder/ougeneng.gif""",1
"alt=""odense",1
"imada,",1
$id:,1
"index.html,v",1
"href=""http://www.ou.dk/indexe.html"">odense",1
denmark.,1
"src=""http://www.imada.ou.dk/icons/ou/arrows/stanfordarrows/arrow.marble.right.gif"">",1
though.,1
(robert.evans@cs.cf.ac.uk),1
author,1
v.,1
photo,1
album,1
"cardiff,",1
p.o,1
"916,",1
cf2,1
"3xf,",1
kingdom.,1
proximity,1
1.7,1
10/24/96,1
4:08:23,1
exp,1
width=64,1
height=64,1
"src=""http://www.imada.ou.dk/icons/ou/knapper/stanfordbuttons/button.clock.gif"">",1
width=61,1
height=72,1
(webmaster@aleph0.clarku.edu),1
attend,1
enjoy,1
"opportunities,",1
"tenure,",1
completion,1
"on,",1
(germany).,1
101,1
archives.,1
"href=""http://www.dcs.gla.ac.uk/other/"">other",1
officer,1
241,1
iv,1
350,1
372,1
428,1
823,1
saint,1
surroundings,1
metropolitan,1
concerned,1
&quot;parallel,1
algorithms&quot;.,1
"graphics,",1
elect,1
nobel,1
"laureates,",1
u.,1
s.,1
poets,1
"src=""http://www.imada.ou.dk/icons/ou/ikoner/icons1/extra.gif"">",1
fri,1
14:08:05,1
s&oslash;ren,1
&lt;larsen@imada.ou.dk&gt;,1
(detailed,1
a714,1
"lansing,",1
48824-1027,1
353-3148,1
432-1061,1
society),1
corner!,1
tell,1
you've,1
authors,1
represent,1
views,1
transputer,1
object,1
cardiff.,1
davies.,1
leaving,1
"alumnus,",1
ftp-server,1
"laureate,",1
creative,1
minds.,1
miscellany,1
sydney's,1
fifteen,1
inquires,1
cpsinfo@cps.msu.edu,1
12236th,1
(other,1
books),1
"medium-sized,",1
"close-knit,",1
"well-equipped,",1
"spacious,",1
experiencing,1
period,1
growth,1
manifest,1
import,1
record,1
programmers',1
worldwideweb,1
algorithmic,1
"visualization,",1
"instruction,",1
genetic,1
memebers,1
itd's,1
faculties,1
german):,1
köln-bonn,1
construction!,1
sbg,1
"src=""http://www.socs.uts.edu.au/cgi-bin/count.cgi?ft=0|frgb=0;0;0|tr=0|trgb=0;0;0|wxh=15;20|",1
"md=5|dd=a|st=1|sh=0|df=socshome.dat""",1
&ltmichael@socs.uts.edu.au&gt,1
24-Oct-96,1
14:08:48,1
allowing,1
collaborate,1
stepping,1
devote,1
nationwide,1
highly,1
institue,1
amherst.,1
involve,1
earn,1
network.,1
vax,1
"cluster,",1
4-192,1
ee/csci,1
risc,1
maspar,1
macs,1
microcomputer,1
dormitories.,1
webmaster@theory.cs.uni-bonn.de,1
01.04.96,1
map).,1
s.e.,1
"minneapolis,",1
55455,1
625-4002,1
625-0572,1
time:,1
"src=""http://www.cs.umn.edu/images/button",1
"s-3d/acm.gif"">association",1
techn,1
ical,1
repositories,1
upstate,1
loads,1
"src=""http://www.cs.umn.edu/images/buttons-3d/goph",1
"er.gif"">seminars",1
"bgcolor=""#000000""",1
"text=""#ffffff""",1
"""#ffffff""",1
alink,1
#ffffff,1
vlink,1
#ffffff>,1
"src=""http://www.cs.rice.edu/cs/images/ricelogo.gif""",1
"alt=""department",1
"university""",1
"src=""http://www.cs.rice.edu/cs/images/csbanner.gif""",1
"houston,",1
"texas,",1
win,1
texaco,1
"e101,",1
instruction.,1
units:,1
"datalogi,",1
fellowships!,1
category,1
ornl,1
ut,1
respectively.,1
unit.,1
"colleges,",1
twin,1
cities,1
(since,1
6/27/95):,1
position.,1
300:00:00,1
242s:,1
object-oriented,1
107,1
"knoxville,",1
37996-1301,1
-423,1
974,1
5067,1
compilers,1
crpc,1
citi,1
"workstation,",1
datalogi,1
projection,1
demonstration,1
purposes.,1
e125,1
|department,1
åke,1
hansson.,1
deputy,1
barklund.,1
joint,1
secretariat:,1
"above,phone",1
"181030,",1
333s:,1
516a:,1
multiagent,1
sheet,1
exclusively,1
architecture.,1
on-campus,1
undergraduates.,1
521270,1
lars,1
thalmann,1
(talman@csd.uu.se).,1
maintenance:,1
support.,1
http://www.csd.uu.se/index.shtml.,1
access:,1
124314,1
5,1
96,1
"exeter,",1
"england,",1
"""excellent""",1
ecl,1
"""http://www.cs.wustl.edu/cs/images/arl_color.gif"">",1
energy,1
biosciences,1
bioengineering,1
quantum,1
council.,1
"""http://www.cs.wustl.edu/cs/images/ai_color.gif"">",1
cra),1
employed,1
experience.,1
"general,",1
internships.,1
worked,1
"href=""mailto:rhonda@cs.rice.edu"">departmental",1
secretary.,1
www@cs.rice.edu,1
"""http://www.cs.wustl.edu/cs/images/ccrc_color.gif"">",1
"""http://www.cs.wustl.edu/cs/images/vl_color.gif"">",1
startup,1
firms,1
giants,1
"""http://www.cs.wustl.edu/cs/images/dcg_color.gif"">",1
"""http://www.cs.wustl.edu/cs/images/lcs_color.gif"">",1
"""http://www.cs.wustl.edu/cs/images/pl_color.gif"">",1
pen,1
"""http://www.cs.wustl.edu/cs/images/tg_color.gif"">",1
corporation.,1
intern,1
brookings,1
1045,1
"louis,",1
63130-4899,1
935-6160,1
935-7302,1
admissions@cs.wustl.edu,1
applicants,1
library's,1
161,1
"medford,",1
2155,1
24,1
webmaster@cs.wustl.edu,1
"country,",1
"redmond,",1
washington.,1
pursue,1
617/627-3217,1
617/627-3220,1
engineer,1
exploring,1
material:,1
certificates,1
interfaces,1
implementations,1
lcc,1
retargetable,1
safe,1
microwave,1
notices.,1
webmaster@dcs.exeter.ac.uk,1
scalable,1
io,1
shrimp,1
multmedia,1
atelier,1
(meca),1
ftp.cs.princeton.edu,1
mentor,1
directly,1
business.,1
assists,1
discrete,1
(dimacs),1
(hpcc),1
carnegie,1
mellon's,1
indiana's,1
unifed,1
keywords,1
bibtex,1
decisions,1
placement.,1
jherbst@wellesley.edu,1
webmaster@cs.tufts.edu,1
tracking,1
expires:,1
www@cs.princeton.edu,1
&#169,1
"1995,",1
21709,1
13:43:07,1
11:03:27,1
www.cl.cam.ac.uk.,1
"whole,",1
-------------------,1
/*,1
(c)1996,1
newsgroups:,1
ucam.cl.announce,1
ucam.cl.misc,1
ucam.cl.students,1
www),1
integration,1
dba,1
"websys,",1
re-used,1
"modified,",1
g&ouml;teborg,1
veckobladet,1
badge.,1
badge,1
web-server,1
på,1
svenska,1
service?,1
webmaster@cs.chalmers.se.,1
9/2/96,1
12:59,1
sorry),1
status,1
trojan,1
3400,1
n.,1
224,1
"baltimore,",1
21218,1
516-8577,1
daily.,1
source,1
code.,1
unwanted,1
effects,1
derivative.,1
warrantees,1
usability,1
i.i.t.,1
kanpur.,1
implied.,1
"skinner,",1
"30th,",1
cnnfn,1
"rd,",1
jan.,1
jubilee,1
(iitklas),1
only:,1
export,1
tex-related,1
"maps,",1
presentation,1
"dictionary,",1
m.tech.,1
indutrial,1
others),1
hol,1
theorem,1
proving,1
modula,1
latex,1
translator,1
python,1
prime,1
aalborg,1
cadence,1
nlp,1
fellowships,1
516-6134,1
postdocs,1
*/,1
function,1
scrollit_r2l(seed),1
m1,1
"""welcome"";",1
m2,1
m3,1
"""computer",1
m4,1
"""department",1
freeware,1
postscript),1
preparatory,1
shubu@cs.wisc.edu,1
wishers,1
maintained:,1
msg=m1+m2+m3+m4;,1
1;,1
269-3169,1
269-4984,1
concise,1
"summary,",1
dvi,1
listproc@mcfeeley.cc.utexas.edu,1
body,1
firstname,1
lastname,1
(positive,1
negative),1
appreciated.,1
p.,1
o.,1
"805,",1
50112-0806,1
private,1
delivery,1
1116,1
eighth,1
50112,1
"ny,",1
14627-0226,1
275-5671,1
100),1
(c=0,1
elgin,1
probable,1
filled,1
c++),1
"out+=""",1
out+=msg;,1
<=,1
dheeraj@iitk.ernet.in,1
gagan,1
agrawal,1
(iitk,1
b.,1
1991),1
competition,1
(-seed,1
msg.length),1
"out+=msg.substring(-seed,msg.length);",1
461-2018,1
"href=""gopher://gopher.grin.edu:70/11%5badmin.registrar%5d"">complete",1
registrar),1
"window.status=""",1
"timertwo=window.settimeout(""scrollit_r2l(100)"",75);",1
//,1
end,1
--------------,1
"bgcolor=""#ffffef""",1
"vlink=""#941734""",1
"onload=""timerone=window.settimeout('scrollit_r2l(100)',500);"">",1
doors,1
206.01:,1
fundamentals,1
exotic,1
local-area,1
past,1
ib,1
supervising,1
staff/student,1
consultative,1
new:,1
brochure.,1
(mathlan),1
front-door,1
slirp,1
"centers,",1
networking,1
"browser,",1
sesquicentennial:,1
celebrating,1
grinnellians,1
speech,1
featured,1
charm,1
authorized,1
neuroscience,1
rainbow,1
http://cs.colgate.edu/,1
wanted:,1
gccs,1
(graphics),1
security,1
semantics,1
mobile,1
economics,1
political,1
psychology,1
webmaster@cl.cam.ac.uk.,1
curio,1
"src=""http://www.cs.twsu.edu/facilities.gif""",1
>computing,1
"src=""http://www.cs.twsu.edu/filebox.gif"">",1
www@www.cs.jhu.edu,1
(creating,1
documents),1
sitelist,1
responsiblity,1
#,1
12/15/95,1
change:,1
www@cs.rochester.edu.,1
content,1
displayed,1
notify,1
error,1
dectected.,1
wwwadm@cs.twsu.edu,1
102,1
lomb,1
14623-5608,1
csdept@cs.rit.edu,1
knolan@cs.colgate.edu,1
+1.716.475.2995,1
+1.716.475.7100,1
21756,1
17:54:34,1
store,1
multicultural,1
ku-ece,1
registrar,1
recycling,1
(environmental,1
memo,1
input/output,1
newsletter),1
"src=""http://www.math.grin.edu/links-elsewhere-header.gif""",1
"alt=""links",1
"elsewhere"">",1
(ece),1
arabic,1
pew,1
midstates,1
mathematicians,1
(<a,1
"href=""http://beta.scottlan.edu/lriddle/women/women.htm"">agnes",1
"href=""http://www-groups.dcs.st-and.ac.uk/~history/"">university",1
andrews),1
"href=""http://www.cs.cmu.edu/web/people/anwar/cs-departments.html"">computer",1
budapest,1
"src=""http://www.deas.harvard.edu/grafx/deas.banner.gif""",1
"alt=""harvard",1
us;,1
heavy,1
exercises,1
dcs,1
[concordia,1
university],1
[faculty,1
encs],1
inverse,1
calculator,1
quotations,1
bookshelf,1
only.,1
"src=""http://www.deas.harvard.edu/grafx/big.blue.es.gif""",1
"alt=""engineering",1
"src=""http://www.deas.harvard.edu/grafx/big.blue.cs.gif""",1
"src=""http://www.deas.harvard.edu/grafx/big.blue.am.gif""",1
"mathematics"">",1
restoration,1
&lt;webmaster@cs.concordia.ca&gt;,1
docs,1
meiko,1
processor,1
(internet,1
headers,1
tree,1
itso,1
mechanisms,1
dec;,1
"src=""http://www.deas.harvard.edu/grafx/big.blue.ap.gif""",1
"physics"">",1
"src=""http://www.deas.harvard.edu/grafx/big.blue.atmosphere.gif""",1
"alt=""atmospheres",1
"oceans"">",1
planetary,1
sarantites,1
'98,1
(stone@math.grin.edu),1
(fas),1
"src=""http://www.deas.harvard.edu/grafx/small.grey.general.gif""",1
"materials,",1
"winter,",1
pre-application,1
[&nbsp;about&nbsp;us&nbsp;],1
queries),1
lycos,1
custom,1
searches),1
options),1
webcrawler,1
oakland,1
(replaces,1
c|net's,1
vsl;,1
uses,1
pardon,1
mess.,1
park.,1
"progress...hey,",1
rhymes!,1
basement,1
u.s.,1
educ.,1
departments;,1
38,1
pyi/nyi/career,1
appointed,1
acm/ieee/aaas/aaai,1
fellows.,1
"beltway,",1
away,1
nasa,1
"goddard,",1
convenient,1
downtown,1
"dc,",1
"virginia,",1
baltimore.,1
phd's,1
"src=""http://www.cs.arizona.edu/general/splash.gif""",1
width=472,1
height=150,1
colloquia/seminars,1
stories,1
"l120,",1
"2s,",1
"nextstations,",1
eight,1
terminals),1
windows),1
(version,1
mcom,1
franck's,1
france),1
overview:,1
tucson,1
"browsers,",1
"l125,",1
l133,1
nt,1
"box,",1
2s,1
terminals).,1
request.,1
minker,1
biennially,1
issue,1
acceptable,1
incoming,1
student.,1
"windows,",1
improperly,1
suggest,1
supports,1
homecoming,1
(oct.,1
11:00,1
am,1
"prerequisites,",1
"spring,",1
"summer,",1
jobs:,1
4-star,1
site!,1
"deas"">",1
"src=""http://www.deas.harvard.edu/grafx/small.grey.undergradpgm.gif""",1
"alt=""undergraduate",1
"src=""http://www.deas.harvard.edu/grafx/small.grey.gradpgm.gif""",1
"alt=""graduate",1
"src=""http://www.deas.harvard.edu/grafx/small.grey.colloquia.gif""",1
"alt=""colloquia"">",1
humanities,1
executive,1
degree),1
"r&eacute;sum&eacute;s,",1
"scholars,",1
talk,1
to.,1
[9/26],1
divided,1
standards.,1
statistics/hotlist,1
servers:,1
japancs,1
changes.,1
weekend.,1
patience.,1
[9/25],1
(content,1
search),1
joining,1
cb#,1
"3175,",1
sitterson,1
(harvard,1
system),1
inspec,1
journals),1
(access,1
limited),1
(campus),1
11/20/96,1
webmaster@cs.rit.edu,1
"microsystems,",1
"email,",1
webadmin@engineering.ucsb.edu.,1
gould-simpson,1
721,1
1040,1
fourth,1
"tucson,",1
az,1
85721-0077,1
621-6613,1
"hill,",1
27599-3175,1
962-1700,1
962-1799,1
geninfo@cs.unc.edu,1
webmaster@cs.unc.edu,1
"networks""",1
[wired,1
"2.05,",1
"""harvard",1
"wired""",1
[the,1
"economist,",1
baizer,1
donated,1
older,1
3s,1
4s,1
serving,1
indices,1
"bgcolor=""#fffffe""",1
"link=""#5500ee""",1
"vlink=""#09bd11""",1
"alink=""#ff0000"">",1
"src=""http://www.cit.gu.edu.au/images/gu_letterhead.gif""",1
"head]""",1
1990-1995.,1
terminals,1
connected,1
sparcs.,1
"consequence,",1
telnetting,1
hostnames,1
longer,1
width=786,1
height=86>,1
621-4246,1
"src=""http://www.cs.arizona.edu/images/hrule.gif""",1
height=5,1
width=1000,1
"alt=""------------------------------------------------------------------------"">",1
l.,1
"rudenstine,",1
"temperature,",1
ski,1
"src=""http://www.cs.hope.edu/~jipping/cshome.gif""",1
initiative.,1
webmaster@deas.harvard.edu,1
heading,1
r.toper,1
"src=""http://www.cit.gu.edu.au/images/gulogo_small.gif""",1
"logo]""",1
width=107,1
height=100,1
nsf-sponsored,1
experiences,1
names:,1
"href=""telnet://osprey.cs.rose-hulman.edu"">osprey,",1
"href=""telnet://lysander.cs.rose-hulman.edu"">lysander,",1
"href=""telnet://oberon.cs.rose-hulman.edu"">oberon,",1
"href=""telnet://falcon.cs.rose-hulman.edu"">falcon,",1
"href=""telnet://kingfisher.cs.rose-hulman.edu"">kingfisher,",1
"vulture,",1
"href=""telnet://condor.cs.rose-hulman.edu"">condor",1
[9/24],1
logout,1
"console,",1
'exit',1
'logout',1
[7/17],1
"working,",1
pop,1
ftp.cs.umd.edu.,1
about...,1
"engines,",1
"infoseek,",1
scout,1
http://www.cs.arizona.edu/index.html,1
"28,",1
(webmaster@cs.arizona.edu),1
hosting,1
"href=""http://renoir.vill.edu:80/~midatl/"">",1
mid-atlantic,1
"albany,",1
postmaster,1
ask,1
fall.,1
x.,1
economou,1
wwwadmin@cs.rose-hulman.edu,1
contest.,1
16-Nov,1
vast,1
(514,1
packard).,1
nov/11/1996,1
webmaster@cs.umd.edu,1
19:06:03,1
recommended,1
sequence,1
expected,1
"brisbane,",1
spring97,1
inquiry,1
eye,1
worm,1
park/,1
science/,1
20742,1
"colorado,",1
"80309-0430,",1
"usa,",1
webmaster@cs.colorado.edu.,1
instrumentation,1
acquire,1
giga-op,1
computation/simulation,1
facility?,1
1995!,1
sysadmin@cs.hope.edu,1
(clayton,1
campus),1
csc1030,1
-1997,1
melbourne,1
webmaster@eecs.lehigh.edu,1
education:,1
supplied,1
entry:,1
principal,1
surname,1
pages),1
(our,1
students),1
(departmental,1
allied,1
centres,1
subcommittee,1
(cit,1
service!,1
hopes,1
personalities,1
duke.,1
packages,1
coming,1
part96,1
solutions,1
helpdesk,1
steam,1
powered,1
"mural,",1
jamies@cs.monash.edu.au,1
picnic,1
webmaster@cs.duke.edu.,1
1963,1
circa,1
1986,1
generalinformation,1
televised,1
scuglia,1
disclaimer.,1
fourteen,1
presidential,1
investigator,1
"fellowships,",1
"engineers,",1
incentives,1
"award,",1
dissertation,1
awards.,1
"webs,",1
(csl),1
csl's,1
helpdesk),1
src=http://www.cit.gu.edu.au/images/symbols/flag2_red.gif,1
width=20,1
height=16,1
52401,1
changed:,1
apr,1
utcs,1
(admission,1
catalogs),1
kurango,1
(utcs.talks),1
utilities,1
uw-madison,1
gripe@cs.utexas.edu,1
colophon,1
statistics),1
(v1.3),1
(sqi),1
(griffith,1
pap,1
5355a,1
1210,1
microelectronic,1
biomolecular,1
final,1
"abstracts,",1
"visitors,",1
"madison,",1
wi,1
53706,1
cs@cs.wisc.edu,1
608-262-1204,1
608-262-9777,1
www@cs.wisc.edu,1
desktop,1
"elsewhere,",1
gu,1
hotlist,1
4111,1
5002,1
facsimile:,1
wins,1
regionals,1
videos,1
highlighting,1
5051,1
enquiries@cit.gu.edu.au,1
www:,1
http://www.cit.gu.edu.au/,1
"src=""http://www.cit.gu.edu.au/images/gulogo_button.gif""",1
"button]""",1
dated:,1
webmaster@cit.gu.edu.au.,1
mbone,1
intel,1
corporation,1
receives,1
medal,1
(application,1
deadline,1
"perspective""",1
"""a",1
century,1
exponential,1
"technology""",1
"alt=""[free",1
"speech]""",1
hspace=25,1
"src=""http://www.cs.washington.edu/general/b_gry_tiny_plain.gif"">",1
can't,1
handle,1
tables?,1
352350,1
"seattle,",1
wa,1
98195-2350,1
543-1695,1
"voice,",1
543-2969,1
webmaster@cs.washington.edu,1